facility_id,facility_name,description,latitude,longitude,kml_category,geometry,index_right,ward_lgd_code,ward_lgd_name,sourcewardname,sourcewardcode
1,New Muster Office Danilimda,Address: New Muster Office Danilimda - Nr Danilimda Road<br>Latitude: 22.9924866<br>Longitude: 72.5844166,22.9924866,72.5844166,Ward Office,POINT (72.5844166 22.9924866),44,1302536.0,"Danilimda, Ahmedabad (M.Corp.) Ward No. 36",Danilimda,36
2,"Naroda Road , SubZonal Office","Address: SubZonal Office,<br>Nr. Ashok Mill<br>Naroad <br>Latitude: 23.0362944<br>Longitude: 72.6062386",23.0362944,72.6062386,Ward Office,POINT (72.6062386 23.0362944),10,1302522.0,"India colony, Ahmedabad (M.Corp.) Ward No. 22",India colony,22
3,Nikol New Office,Address: Nikol New Office  sub zone <br>Latitude: 23.0533839<br>Longitude: 72.6693675,23.0533839,72.66936750000002,Ward Office,POINT (72.66936750000002 23.0533839),47,1302524.0,"Nikol, Ahmedabad (M.Corp.) Ward No. 24",Nikol,24
4,Ramol-Subzone Muster Office,"Address: Ramol Nr, Jama Masjid Road Ramol<br>Latitude: 22.9785507<br>Longitude: 72.656402",22.9785507,72.656402,Ward Office,POINT (72.656402 22.9785507),4,1302548.0,"Ramol Hathijan, Ahmedabad (M.Corp.) Ward No. 48",Ramol Hathijan,48
5,Shahibaug Ward Office,"Address: Girdharnagar Ward Office, Near. Civil Hospital, Ahmedabad.<br>Latitude: 23.051791<br>Longitude: 72.599129",23.051791,72.599129,Ward Office,POINT (72.599129 23.051791),28,1302516.0,"Shahibag, Ahmedabad (M.Corp.) Ward No. 16",Shahibag,16
6,Lambha Ward Office,"Address: 1, National Highway 8, Narolgam, Ahmedabad, Gujarat<br>Latitude: 22.961994<br>Longitude: 72.591557",22.961994,72.591557,Ward Office,POINT (72.591557 22.961994),2,1302546.0,"Lambha, Ahmedabad (M.Corp.) Ward No. 46",Lambha,46
7,Thakkarbapa Nagar Ward Office,Address: Thakkarbapa Nagar Ward Office<br>Latitude: 23.047155<br>Longitude: 72.643415,23.047155,72.643415,Ward Office,POINT (72.643415 23.047155),7,1302523.0,"Thakkarbapa Nagar, Ahmedabad (M.Corp.) Ward No. 23",Thakkarbapa Nagar,23
8,Khadia Sub Zonal Office,"Address: Near, Panchkuwa road, Ahmedabad<br>Latitude: 23.024967<br>Longitude: 72.597174",23.024967000000004,72.597174,Ward Office,POINT (72.597174 23.024967000000004),43,1302528.0,"Khadiya, Ahmedabad (M.Corp.) Ward No. 28",Khadia,28
9,Navrangpura,"Address: 5, Navrangpura Marg, Swastik Society, Navrangpura, Ahmedabad, Gujarat 380009, India<br>Latitude: 23.036283<br>Longitude:  72.56300099999999",23.036283,72.56300099999999,Ward Office,POINT (72.56300099999999 23.036283),22,1302518.0,"Navrangpura, Ahmedabad (M.Corp.) Ward No. 18",Navrangpura,18
10,Raikhad,"Address: Raikhad Cahar Nadika Daravaj Road, Raikhad, <br>Latitude: 23.0192512<br>Longitude:  72.5802711",23.0192512,72.5802711,Ward Office,POINT (72.5802711 23.0192512),42,1302529.0,"Jamalpur, Ahmedabad (M.Corp.) Ward No. 29",Jamalpur,29
11,Krushnanagar Ward office,"Address: Krushnanagar Ward Office, Near, Saijpur tower<br>Latitude: 23.0607525<br>Longitude:  72.63904619999994",23.0607525,72.63904619999994,Ward Office,POINT (72.63904619999994 23.0607525),8,1302513.0,"Saijpur Bogha, Ahmedabad (M.Corp.) Ward No. 13",Saijpur Bogha,13
12,Saijpur,"Address: Urban Health Center, Bhargav Road, Saijpur Bogha, Ahmedabad, Gujarat<br>Latitude: 23.0617152<br>Longitude:  72.62786600000004",23.0617152,72.62786600000004,Ward Office,POINT (72.62786600000004 23.0617152),6,1302514.0,"Kubernagar, Ahmedabad (M.Corp.) Ward No. 14",Kuber Nagar,14
13,Vasna,"Address: Near Swaminarayan school, Vasna <br>Latitude: 23.000582<br>Longitude: 72.550185",23.000582,72.550185,Ward Office,POINT (72.550185 23.000582),20,1302531.0,"Vasana, Ahmedabad (M.Corp.) Ward No. 31",Vasna,31
14,Paldi,Address: Paldi Ward office<br>Latitude: 23.0142474<br>Longitude:  72.56189700000004,23.0142474,72.56189700000004,Ward Office,POINT (72.56189700000004 23.0142474),21,1302530.0,"Paldi, Ahmedabad (M.Corp.) Ward No. 30",Paldi,30
15,Maktampura,"Address: Makampura office, Near Rehnuma Society, Vishala<br>Latitude: 22.994938<br>Longitude:  72.53297880000002",22.994938,72.53297880000002,Ward Office,POINT (72.53297880000002 22.994938),17,1302534.0,"Maktampura, Ahmedabad (M.Corp.) Ward No. 34",Maktampura,34
16,Bhaipura,"Address: Bhaipura, Hatkeshwar<br>Ahmedabad, Gujarat 380008<br>Latitude: 22.992365<br>Longitude: 72.6251",22.992365,72.6251,Ward Office,POINT (72.6251 22.992365),46,1302543.0,"Bhaipura Hatkeswar, Ahmedabad (M.Corp.) Ward No. 43",Bhaipura Hatkeshwar,43
17,Maninagar Master office,"Address: Near Maninagar Railway station , maninagar <br>Latitude: 22.999099<br>Longitude: 72.61031",22.999099,72.61031,Ward Office,POINT (72.61031 22.999099),33,1302537.0,"Maninagar, Ahmedabad (M.Corp.) Ward No. 37",Mani Nagar,37
18,Thaltej,"Address: Near Thaltej lake, Ahmedabad <br>Latitude: 23.050203<br>Longitude: 72.512842",23.050203,72.512842,Ward Office,POINT (72.512842 23.050203),1,1302508.0,"Thaltej, Ahmedabad (M.Corp.) Ward No. 8",Thaltej,8
19,Khohra Sub Zone Office,"Address: Sanatan Society Road , Khokhra , Ahmedabad - 380008 , Gujar<br>Latitude: 22.9987844<br>Longitude:  72.61791779999999",22.9987844,72.61791779999999,Ward Office,POINT (72.61791779999999 22.9987844),40,1302544.0,"Khokhra, Ahmedabad (M.Corp.) Ward No. 44",Khokhra,44
20,Ghtalodiya,"Address: Opposite Preet Residency, Below Chanakypuri Bridge, Ghatlodiya 380061 <br>Latitude: 23.0714785<br>Longitude:  72.54242750000003",23.0714785,72.54242750000003,Ward Office,POINT (72.54242750000003 23.0714785),13,1302507.0,"Ghatlodiya, Ahmedabad (M.Corp.) Ward No. 7",Ghatlodia,7
21,Ranip,"Address: Old Nagarpalika Bldg.,Opp. Mahesh Party Plot,Ahmedabad.-382470<br>Latitude: 23.079909<br>Longitude: 72.574228",23.079909,72.574228,Ward Office,POINT (72.574228 23.079909),26,1302505.0,"Ranip, Ahmedabad (M.Corp.) Ward No. 5",Ranip,5
22,Gota Ward Office,"Address: 9/10, Gota Gam Road, Gota, Ahmedabad, Gujarat 382481, India <br>Latitude: 23.098718<br>Longitude: 72.537268",23.098718,72.537268,Ward Office,POINT (72.537268 23.098718),12,1302501.0,"Gota, Ahmedabad (M.Corp.) Ward No. 1",Gota,1
23,Bodakdev Ward Office,"Address: Memnagar Road, Memnagar, Ahmedabad, Gujarat 380052, India<br>Latitude: 23.048554<br>Longitude: 72.539243",23.048554,72.539243,Ward Office,POINT (72.539243 23.048554),14,1302519.0,"Bodakdev, Ahmedabad (M.Corp.) Ward No. 19",Bodakdev,19
24,Sarkhej,"Address: Sarkhej Village Road, Sarkhej, Ahmedabad, Gujarat 380055, India<br>Latitude: 22.980873<br>Longitude: 72.502141",22.980873,72.502141,Ward Office,POINT (72.502141 22.980873),16,1302533.0,"Vejalpur, Ahmedabad (M.Corp.) Ward No. 33",Sarkhej,33
25,Vejalpur,"Address: Jaltarang Society, 9B, Vejalpur Road, Jignasa Society, Vibhavari Society, Jivrajpark, Ahmedabad, Gujarat 380051, India<br>Latitude: 23.0039624<br>Longitude:  72.52326160000007",23.0039624,72.52326160000007,Ward Office,POINT (72.52326160000007 23.0039624),19,1302532.0,"Vejalpur, Ahmedabad (M.Corp.) Ward No. 32",Vejalpur,32
26,Jodhpur,"Address: 10, Jodhpur Village, Jodhpur, Ahmedabad, Gujarat 380015, India<br>Latitude: 23.016724<br>Longitude: 72.520452",23.016724,72.520452,Ward Office,POINT (72.520452 23.016724),18,1302520.0,"Jodhpur, Ahmedabad (M.Corp.) Ward No. 20",Jodhpur,20
27,Stadium,"Address: 45, Somnath Road, Shanti Nagar, Usmanpura, Ahmedabad, Gujarat 380013, India<br>Latitude: 23.049202<br>Longitude:  72.56431599999996",23.049202,72.56431599999998,Ward Office,POINT (72.56431599999998 23.049202),25,1302510.0,"Sardar Patel Stadium, Ahmedabad (M.Corp.) Ward No. 10",S. P. Stadium,10
28,New Wadaj,"Address: 32, New Wadaj Road, Bhimjipura, Nava Vadaj, Ahmedabad, Gujarat 380013, India<br>Latitude: 23.062522<br>Longitude: 72.565108",23.062522,72.565108,Ward Office,POINT (72.565108 23.062522),24,1302506.0,"Nava Vadaj, Ahmedabad (M.Corp.) Ward No. 6",New Wadaj,6
29,Sabarmati,"Address: AMTS Bus Stand, Dharm Nagar II, Sabarmati, Ahmedabad, Gujarat 380005, India<br>Latitude: 23.0742044<br>Longitude:  72.59247419999997",23.0742044,72.59247419999997,Ward Office,POINT (72.59247419999997 23.0742044),27,1302504.0,"Sabarmati, Ahmedabad (M.Corp.) Ward No. 4",Sabarmati,4
30,Chandkheda,"Address: 1, Nigam Nagar, Chandkheda, Ahmedabad, Gujarat 382424, India<br>Latitude: 23.108351<br>Longitude:  72.59265600000003",23.108351,72.59265600000003,Ward Office,POINT (72.59265600000003 23.108351),15,1302503.0,"Chandkheda, Ahmedabad (M.Corp.) Ward No. 3",Chandkheda,3
31,Dariyapur,"Address: 2649, Delhi Chakla, Dariyapur, Ahmedabad, Gujarat 380001, India<br>Latitude: 23.036437<br>Longitude:  72.59090800000001",23.036437,72.59090800000001,Ward Office,POINT (72.59090800000001 23.036437),30,1302521.0,"Dariyapur, Ahmedabad (M.Corp.) Ward No. 21",Dariyapur,21
32,Sardarnagar,"Address: 643, Shri Sadhujti L Vasvani Marg, Sindhi Ambawadi, Hansol, Ahmedabad, Gujarat 382475, India<br>Latitude: 23.08149<br>Longitude:  72.63217099999997",23.08149,72.63217099999997,Ward Office,POINT (72.63217099999997 23.08149),5,1302511.0,"Sardarnagar, Ahmedabad (M.Corp.) Ward No. 11",Sardar Nagar,11
33,Isanpur,"Address: Ramwadi-Anandwadi Road, Jay Krishna Society, Isanpur, Ahmedabad, Gujarat 380050, India<br>Latitude: 22.9806956<br>Longitude:  72.60234400000002",22.9806956,72.60234400000002,Ward Office,POINT (72.60234400000002 22.9806956),34,1302545.0,"Isanpur, Ahmedabad (M.Corp.) Ward No. 45",Isanpur,45
34,Indrapuri,"Address: CTM Flyover 2, Hatkeshwar, Ahmedabad, Gujarat 380008, India<br>Latitude: 22.989127<br>Longitude: 72.630652",22.989127,72.630652,Ward Office,POINT (72.630652 22.989127),38,1302542.0,"Indrapuri, Ahmedabad (M.Corp.) Ward No. 42",Indrapuri,42
35,Vatva,"Address: 16/17, Vatva, Ahmedabad, Gujarat 382440, India<br>Latitude: 22.952902<br>Longitude:  72.61703299999999",22.952902,72.61703299999999,Ward Office,POINT (72.61703299999999 22.952902),32,1302547.0,"Vatava, Ahmedabad (M.Corp.) Ward No. 47",Vatva,47
36,Behrampura,"Address: Piplaj - Pirana Road, Calico Mills, Behrampura, Ahmedabad, Gujarat 380022, India<br>Latitude: 22.997042<br>Longitude: 72.574079",22.997042,72.574079,Ward Office,POINT (72.574079 22.997042),31,1302535.0,"Baherampura, Ahmedabad (M.Corp.) Ward No. 35",Baherampura,35
37,Rajpur,"Address: 11, Industrial Area, Rakhial, Ahmedabad, Gujarat 380021, India<br>Latitude: 23.017831<br>Longitude: 72.624324",23.017831,72.624324,Ward Office,POINT (72.624324 23.017831),45,1302538.0,"Gomtipur, Ahmedabad (M.Corp.) Ward No. 38",Gomtipur,38
38,Amraivadi,"Address: Ajod Dairy Road, Amraiwadi, Ahmedabad, Gujarat 380021, India<br>Latitude: 23.008722<br>Longitude: 72.628711",23.008722,72.628711,Ward Office,POINT (72.628711 23.008722),35,1302539.0,"Amraivadi, Ahmedabad (M.Corp.) Ward No. 39",Amraiwadi,39
39,Bapunagar,"Address: 3, Taj Mohammad Khan Pathan Road, Soni ni chali, Virat Nagar, Rakhial, Ahmedabad, Gujarat 380024, India<br>Latitude: 23.025917<br>Longitude: 72.635723",23.025917,72.635723,Ward Office,POINT (72.635723 23.025917),3,1302526.0,"Bapurnagar, Ahmedabad (M.Corp.) Ward No. 26",Bapu Nagar,26
40,Vastral,"Address: 54, Ajay Tent No. 5 Road, Mahadev Nagar, Ahmedabad, Gujarat 382418, India<br>Latitude: 23.0002077<br>Longitude:  72.64621139999997",23.000207700000004,72.64621139999997,Ward Office,POINT (72.64621139999997 23.000207700000004),37,1302541.0,"Vastral, Ahmedabad (M.Corp.) Ward No. 41",Vastral,41
41,Odhav,"Address: 63/A, Rabadi Vasahat Road, G I D C Industrial Area, Odhav, Ahmedabad, Gujarat 382415, India<br>Latitude: 23.0240978<br>Longitude:  72.65000850000001",23.0240978,72.65000850000001,Ward Office,POINT (72.65000850000001 23.0240978),36,1302540.0,"Odhav, Ahmedabad (M.Corp.) Ward No. 40",Odhav,40
42,Naroda,"Address: Gujarat State Highway 68, GIDC Naroda, Ahmedabad, Gujarat 382330, India<br>Latitude: 23.074913<br>Longitude: 72.655845",23.074913,72.655845,Ward Office,POINT (72.655845 23.074913),0,1302512.0,"Naroda, Ahmedabad (M.Corp.) Ward No. 12",Naroda,12
43,Asarva,"Address: Jahangirpura, Asarwa, Ahmedabad, Gujarat 380016, India<br>Latitude: 23.0414554<br>Longitude:  72.601811",23.0414554,72.601811,Ward Office,POINT (72.601811 23.0414554),29,1302515.0,"Asarva, Ahmedabad (M.Corp.) Ward No. 15",Asarwa,15
44,SARASPUR,"Address: Saraspur Bal Bhavan, Nr, Maniben K.K. Eye Hospital,<br>Latitude: 23.029737<br>Longitude: 72.611924",23.029737,72.611924,Ward Office,POINT (72.611924 23.029737),9,1302527.0,"Sarsapur Rakhiyal, Ahmedabad (M.Corp.) Ward No. 27",Saraspur-Rakhiyal,27
45,NARANPURA,"Address: Naranpura Ward Office, Nr.Kameshwar Mahadev Mandir, Naranpura,Ahmedabad<br>Latitude: 23.057469<br>Longitude: 72.556409",23.057469,72.556409,Ward Office,POINT (72.556409 23.057469),23,1302509.0,"Naranpura, Ahmedabad (M.Corp.) Ward No. 9",Naranpura,9
46,Shahpur Ward office,"Address: Dudheshwar Sub Zonal Office, Dudheshwar water works compound, Shahibaug, Ahmedabad<br>Latitude: 23.051609<br>Longitude: 72.583484",23.051609,72.583484,Ward Office,POINT (72.583484 23.051609),41,1302517.0,"Shapur, Ahmedabad (M.Corp.) Ward No. 17",Shahpur,17
47,CHANDLODIA,Address: Old Nagarpalika Office<br>Latitude: 23.080566<br>Longitude: 72.551097,23.080566,72.551097,Ward Office,POINT (72.551097 23.080566),11,1302502.0,"Chandlodiya, Ahmedabad (M.Corp.) Ward No. 2",Chandlodiya,2
48,North Zone,"Rajiv Gandhi Bhavan,Memco char rasta ,Naroda road",23.057114700000003,72.6334883,Zonal Office,POINT (72.6334883 23.057114700000003),8,1302513.0,"Saijpur Bogha, Ahmedabad (M.Corp.) Ward No. 13",Saijpur Bogha,13
49,New West Zone,"Rajamata Vijaya Raje Scindia Bhavan, Judges Bungalow Road, Bodakdev, Ahmedabad.",23.039006,72.514347,Zonal Office,POINT (72.514347 23.039006),14,1302519.0,"Bodakdev, Ahmedabad (M.Corp.) Ward No. 19",Bodakdev,19
50,West zone,"Dr. Ramanbhai Patel Bhavan, Usmanpura Char Rasta, Ashram Road, Ahmedabad",23.047767,72.570012,Zonal Office,POINT (72.570012 23.047767),25,1302510.0,"Sardar Patel Stadium, Ahmedabad (M.Corp.) Ward No. 10",S. P. Stadium,10
51,Central Zone,"Central Zone-Health Dept. <br>B Block, 5th Floor, Sardar Patel Bhavan, Danapith, khamasa, AMC.",23.021259,72.5859,Zonal Office,POINT (72.5859 23.021259),43,1302528.0,"Khadiya, Ahmedabad (M.Corp.) Ward No. 28",Khadia,28
52,East Zone,Harubhai Mahetabhavan Viratnagar Char Rasta,23.026649,72.639183,Zonal Office,POINT (72.639183 23.026649),39,1302525.0,"Viratnagar, Ahmedabad (M.Corp.) Ward No. 25",Virat Nagar,25
53,South Zone,"Dr.Shyama Prasad Mukharji Bhavan, Opp.Maninagar Fire Station, Rambaug, Maninagar, Ahmedabad-08.",22.998122,72.603216,Zonal Office,POINT (72.603216 22.998122),33,1302537.0,"Maninagar, Ahmedabad (M.Corp.) Ward No. 37",Mani Nagar,37
54,Khokhra Vyayam shala,"Nearer to Khokhra Swimming pool,57-Khokhra ward,Ahmedabad",22.9987,72.616238,Municipal Gym,POINT (72.616238 22.9987),40,1302544.0,"Khokhra, Ahmedabad (M.Corp.) Ward No. 44",Khokhra,44
55,Maninagar Vyayam shala,"Opposite to L.G Hospital,Maninagar,Ahmedabad",23.000651,72.606545,Municipal Gym,POINT (72.606545 23.000651),33,1302537.0,"Maninagar, Ahmedabad (M.Corp.) Ward No. 37",Mani Nagar,37
56,Ambubhai Purani Vyayam vidhyalaya,"In Kankariya Lake, Kankariya,Ahmedabad",23.008956,72.599178,Municipal Gym,POINT (72.599178 23.008956),33,1302537.0,"Maninagar, Ahmedabad (M.Corp.) Ward No. 37",Mani Nagar,37
57,Swami Vivekanand Vyayam Vidhyalaya,"C.T.M Cross Road,Bagefirdosh,Ahmedabad<br>New_Name-Bagefirdosh Vyayam Shala",22.991723,72.633436,Municipal Gym,POINT (72.633436 22.991723),38,1302542.0,"Indrapuri, Ahmedabad (M.Corp.) Ward No. 42",Indrapuri,42
58,"Isanpur Vyayam shala,isanpur","Opposite To Smruti Temple,Isanpur,Ahmedabad",22.975236,72.61033,Municipal Gym,POINT (72.61033 22.975236),34,1302545.0,"Isanpur, Ahmedabad (M.Corp.) Ward No. 45",Isanpur,45
59,Krantivir Mahadev Desai Vyayam Vidhyalaya,"Swastik Cross Road,Nr. Rabari Colony,Bhaipura,Ahmedabad<br>New Name- Bhaipura Vyayam Shala",23.007232,72.62947,Municipal Gym,POINT (72.62947 23.007232),38,1302542.0,"Indrapuri, Ahmedabad (M.Corp.) Ward No. 42",Indrapuri,42
60,Krantivir Chandrashekhar Aaazad Vyayam Vidhyalaya,"Opposite To Tejendra Park,Nikol,Ahmedabad<br>New Name-Nikol Vyayam Shala",23.029095,72.646766,Municipal Gym,POINT (72.646766 23.029095),39,1302525.0,"Viratnagar, Ahmedabad (M.Corp.) Ward No. 25",Virat Nagar,25
61,Krantivir Vithhalbhai Patel Vyayam Vidhyalaya,"Nearer To Gajanand Circle,Odhav,Ahmedabad<br>New name-Odhav Vyayam Shala",23.029486,72.653247,Municipal Gym,POINT (72.653247 23.029486),36,1302540.0,"Odhav, Ahmedabad (M.Corp.) Ward No. 40",Odhav,40
62,Krantivir Sadarsinh Rana Vyayam Vidhyalaya,"In the Payal Nagar Park,Naroda Gam,Muthiya,Ahmedabad<br>New name-Naroda Muthiya Vyayam Shala",23.067594,72.651612,Municipal Gym,POINT (72.651612 23.067594),0,1302512.0,"Naroda, Ahmedabad (M.Corp.) Ward No. 12",Naroda,12
63,Krantivir Kinnarivala Vyayam Shala,"Opposite to Saijpur Tower,Saijpur Bogha,Saijpur,Ahmedabad<br>New Name-Saijpur Bogha Vyayam Shala",23.060856,72.64021,Municipal Gym,POINT (72.64021 23.060856),8,1302513.0,"Saijpur Bogha, Ahmedabad (M.Corp.) Ward No. 13",Saijpur Bogha,13
64,Memco Sports Center,veer savarkar vyaym shala,23.053378,72.632086,Municipal Gym,POINT (72.632086 23.053378),8,1302513.0,"Saijpur Bogha, Ahmedabad (M.Corp.) Ward No. 13",Saijpur Bogha,13
65,Krantivir Chitranjandas Vyayam Vidhyalaya,"Opposite to Sachidanand Society,Limda Bus Stand Road,Kubernagar,Ahmedabad<br>New Name-Kubernagar Vyayam Shala",23.061065,72.629681,Municipal Gym,POINT (72.629681 23.061065),6,1302514.0,"Kubernagar, Ahmedabad (M.Corp.) Ward No. 14",Kuber Nagar,14
66,Krantivir Mangalpandey Vyayam Vidhyalaya,"In Jethabhai Park,Oppo-Civil Hospital,Girdharnagar,Ahmedabad<br>New Name-Girdharnagar Vyayam Shala",23.049366,72.600763,Municipal Gym,POINT (72.600763 23.049366),28,1302516.0,"Shahibag, Ahmedabad (M.Corp.) Ward No. 16",Shahibag,16
67,Rajmata Vijayaraja Sindhiya Mahila Vyayam Vidhyalaya,"Nearer To Shahibag Post Office,Circuit House,Shahibag,Ahmedabad,<br>New Name- Shahibag Mahila Vyayam Shala",23.062216,72.595753,Municipal Gym,POINT (72.595753 23.062216),28,1302516.0,"Shahibag, Ahmedabad (M.Corp.) Ward No. 16",Shahibag,16
68,Krantivir Medam Kama Vyayam Vidhyalaya,"Nearer Hajipura Swimming Pool,Hajipura,Ahmedabad<br>New Name-Hajipura Vyayam Shala",23.042031,72.591156,Municipal Gym,POINT (72.591156 23.042031),28,1302516.0,"Shahibag, Ahmedabad (M.Corp.) Ward No. 16",Shahibag,16
69,Krantivir Sukhdev Vyayam Vidhyalaya,"Nearer Dariyapur Mustar Station,Opp- Kuti Masjid, Dariyapur,ahmedabad<br>New Name-Dariyapur Vyayam Shala",23.037135,72.591865,Municipal Gym,POINT (72.591865 23.037135),30,1302521.0,"Dariyapur, Ahmedabad (M.Corp.) Ward No. 21",Dariyapur,21
70,"Umakant Kadiya,Shahpur Vyayam Shala","Jivan KamalShi Ni Pol,Shahpur,Ahmedabad",23.039078,72.58148,Municipal Gym,POINT (72.58148 23.039078),30,1302521.0,"Dariyapur, Ahmedabad (M.Corp.) Ward No. 21",Dariyapur,21
71,Manikba Sanskar Vadi Vyayam Shala,"Kiran Nagar Dudheswar Road,Ahmedabad<br>New Name-Dudheshwar Vyayam Shala",23.04169,72.579645,Municipal Gym,POINT (72.579645 23.04169),41,1302517.0,"Shapur, Ahmedabad (M.Corp.) Ward No. 17",Shahpur,17
72,Sardar Patel Vyayam Vidhyalaya,"Nr Swimming Pool,Sardar Patel Stadium,Navrangpura,Ahmedabad",23.040069,72.564528,Municipal Gym,POINT (72.564528 23.040069),25,1302510.0,"Sardar Patel Stadium, Ahmedabad (M.Corp.) Ward No. 10",S. P. Stadium,10
73,Cricketer Padamshree Jashubhai patel Vyayam Vidhyalaya,"Bhimjipura pumping Station,Swimming Pool,Vadaj,Ahmedabad<br>New Name-Nava Vadaj Vyayam Shala",23.063163,72.568102,Municipal Gym,POINT (72.568102 23.063163),25,1302510.0,"Sardar Patel Stadium, Ahmedabad (M.Corp.) Ward No. 10",S. P. Stadium,10
74,Cricketer Vinu Mankad Vyayam Shala,"Nearer Nishant School,Swimming Pool,Nirnyan Nagar road, Ranip,Ahmedabad<br>New Name-Ranip Vyayam Shala",23.080322,72.56314,Municipal Gym,POINT (72.56314 23.080322),24,1302506.0,"Nava Vadaj, Ahmedabad (M.Corp.) Ward No. 6",New Wadaj,6
75,Krantivir Mahadev Govind Rnde Vyayam Vidhyalaya,"Nearer Kothari Tower Parking,Sabarmati,Ahmedabad<br>New name-Sabarmati Vyayam Shala",23.084176,72.584535,Municipal Gym,POINT (72.584535 23.084176),27,1302504.0,"Sabarmati, Ahmedabad (M.Corp.) Ward No. 4",Sabarmati,4
76,Krantivir Bankimchandra Pal Vyayam Vidhyalaya,"Nearer City Civic Centre,Chandkheda Gam,Ahmedabad<br>New Name-Chandkheda Vyayam Shala",23.116104,72.584394,Municipal Gym,POINT (72.584394 23.116104),15,1302503.0,"Chandkheda, Ahmedabad (M.Corp.) Ward No. 3",Chandkheda,3
77,Shree Makarchand Desai Vyayam Vidhyalaya,"Opposite Relience Fresh,AMC Garden,Bodakdev,Ahmedabad<br>New Name-Bodakdev Vyayam Shala",23.03965,72.520194,Municipal Gym,POINT (72.520194 23.03965),14,1302519.0,"Bodakdev, Ahmedabad (M.Corp.) Ward No. 19",Bodakdev,19
78,Krantivir Pandit Madanmohan Malviya Vyayam Vidhyalaya,"Under Shyama Prasad Bridge,Vejalpur,Ahmedabad<br>New Name-Vejalpur Vyayam Shala",23.010201,72.531543,Municipal Gym,POINT (72.531543 23.010201),18,1302520.0,"Jodhpur, Ahmedabad (M.Corp.) Ward No. 20",Jodhpur,20
79,Ghatlodiya Vyayam Shala,"Ghatlodiya,Ahmedabad",23.071903,72.542259,Municipal Gym,POINT (72.542259 23.071903),13,1302507.0,"Ghatlodiya, Ahmedabad (M.Corp.) Ward No. 7",Ghatlodia,7
80,Swatantra Vir Savarkar Vyayam Vidhyalaya,"City Civic Center,Vasna,Ahmedabad<br>New Name-Vasna Vyayam Shala",23.004469,72.549783,Municipal Gym,POINT (72.549783 23.004469),20,1302531.0,"Vasana, Ahmedabad (M.Corp.) Ward No. 31",Vasna,31
81,Sardar bridge Vyayam Shala,"Behind jamalpur Vegetable Market,Sardar Bridge Health Quaters,Jamalpur,Ahmedabad,<br>New Name-Sardar Bridge Vyayam Shala",23.010842,72.578834,Municipal Gym,POINT (72.578834 23.010842),42,1302529.0,"Jamalpur, Ahmedabad (M.Corp.) Ward No. 29",Jamalpur,29
82,Raykhad Vyayam Vidhyalaya,"Near Gayakvad HAveli Road,Raykhad,Ahmedabad",23.013929,72.57884600000001,Municipal Gym,POINT (72.57884600000001 23.013929),42,1302529.0,"Jamalpur, Ahmedabad (M.Corp.) Ward No. 29",Jamalpur,29
83,Krantivir Asraf Ullakhan Vyayam Vidhyalaya,"Sodagar Ni Pol,Jamalpur Darwaja,Jamalpur,Ahmedabad<br>New Name-Jamalpur Vyayam Shala",23.013873,72.579516,Municipal Gym,POINT (72.579516 23.013873),42,1302529.0,"Jamalpur, Ahmedabad (M.Corp.) Ward No. 29",Jamalpur,29
84,Sarashpur Vyayam Shala,"Nearer Balbhavan,Saraspur Muster,Saraspur,Ahmedabad",23.029609,72.611695,Municipal Gym,POINT (72.611695 23.029609),9,1302527.0,"Sarsapur Rakhiyal, Ahmedabad (M.Corp.) Ward No. 27",Saraspur-Rakhiyal,27
85,Krantivir Raja Rammohanray Vyayam Vidhyalaya,"Parimal Garden,Panchvati,Ahmedabad<br>New Name-Parimal Garden Vyayam Shala",23.020814,72.556864,Municipal Gym,POINT (72.556864 23.020814),22,1302518.0,"Navrangpura, Ahmedabad (M.Corp.) Ward No. 18",Navrangpura,18
86,Veer Chandrashekhar Aazad Vyayam Shala,"Opposite IDBI Bank,Municipal Staff Quaters,Lal Bunglow,Ellisbridge,ahmedabad<br>New Name-Ellisbridge Vyayam Shala",23.029757,72.555286,Municipal Gym,POINT (72.555286 23.029757),22,1302518.0,"Navrangpura, Ahmedabad (M.Corp.) Ward No. 18",Navrangpura,18
87,Krantivir Tatya Tope Vyayam Vidhyalaya,"Opposite Calico dom Relief Road,Kalupur,ahmedabad<br>New Name-Kalupur Vyayam Shala",23.02859,72.591609,Municipal Gym,POINT (72.591609 23.02859),30,1302521.0,"Dariyapur, Ahmedabad (M.Corp.) Ward No. 21",Dariyapur,21
88,Sardar Patel Vyayam Vidhyalaya,"Zupadi Ni Pol Sankadi Sheri,Khadiya,Ahmedabad<br>New Name-Sardar Patel Vyayam Shala",23.023445,72.589936,Municipal Gym,POINT (72.589936 23.023445),43,1302528.0,"Khadiya, Ahmedabad (M.Corp.) Ward No. 28",Khadia,28
89,Krantivir Ishvarchandra Vidhyasagar Vyayam Vidhyalaya,"Opposite To Post Office,Kunda Vadi Chali,Gomtipur,Ahmedabad<br>New Name-Gomtipur Vyayam Shala",23.012583,72.609527,Municipal Gym,POINT (72.609527 23.012583),35,1302539.0,"Amraivadi, Ahmedabad (M.Corp.) Ward No. 39",Amraiwadi,39
90,Prahladsinh Patel Vyayam Shala,"Opposite Rami Ni Chali,Rakhiyal,Ahmedabad<br>New Name-Rakhiyal Vyayam Shala",23.035111,72.613166,Municipal Gym,POINT (72.613166 23.035111),9,1302527.0,"Sarsapur Rakhiyal, Ahmedabad (M.Corp.) Ward No. 27",Saraspur-Rakhiyal,27
91,Pushpkunj Table Tennis,"Swimming Pool,Kankariya,Ahmedabad",23.00341,72.599756,Municipal Gym,POINT (72.599756 23.00341),33,1302537.0,"Maninagar, Ahmedabad (M.Corp.) Ward No. 37",Mani Nagar,37
92,Raipur Sports Sankul,"Opposite Kagdapith Police Station Raipur,Ahmedabad",23.018832,72.598224,Municipal Gym,POINT (72.598224 23.018832),43,1302528.0,"Khadiya, Ahmedabad (M.Corp.) Ward No. 28",Khadia,28
93,Vir Savarkar Muni.Swimmingpool,"Vasna,Opp. Godawari Flats, B/h. Anjali Cinema, Vasna",23.004688,72.549721,Swimming Pools,POINT (72.549721 23.004688),20,1302531.0,"Vasana, Ahmedabad (M.Corp.) Ward No. 31",Vasna,31
94,Sardarpatel Stadium.Mui.Swimmingpool,"Nr. Stadium Circle, Navrangpura",23.040239000000003,72.564089,Swimming Pools,POINT (72.564089 23.040239000000003),25,1302510.0,"Sardar Patel Stadium, Ahmedabad (M.Corp.) Ward No. 10",S. P. Stadium,10
95,Shri Hirabhai Smarak Swimming Pool,"Kankariya,Opp. BRTS Bus Stop, Nr. Kankariya Lake, Kankariya, Maninagar",23.003289,72.599722,Swimming Pools,POINT (72.599722 23.003289),33,1302537.0,"Maninagar, Ahmedabad (M.Corp.) Ward No. 37",Mani Nagar,37
96,Padhmashri Jashubhai Patel Swimming Pool,"Nava Vadaj,Nr. Bhimjipura Bus Stop, Nava Vada",23.062967,72.567784,Swimming Pools,POINT (72.567784 23.062967),25,1302510.0,"Sardar Patel Stadium, Ahmedabad (M.Corp.) Ward No. 10",S. P. Stadium,10
97,Krantivir Vitthalbhai Patel Swimming Pool,"Odhav,B/h. Ambika Nagar Fire Station, Nr. Water Tank, Odhav",23.029656,72.653553,Swimming Pools,POINT (72.653553 23.029656),36,1302540.0,"Odhav, Ahmedabad (M.Corp.) Ward No. 40",Odhav,40
98,Cricketer Shri Vinu Mankad Swimmingpool,"Ranip,Nr. Ambica Garden, B/S. Nishan School, Nirnaynagar Dhal",23.080086,72.563039,Swimming Pools,POINT (72.563039 23.080086),24,1302506.0,"Nava Vadaj, Ahmedabad (M.Corp.) Ward No. 6",New Wadaj,6
99,Hajipura Muni.Swimmingpool,"Hajipura,B/s. Lakhaji Kuvarji Chock Hall, B/h. Hajipura Garden, Madhupura",23.042245,72.591259,Swimming Pools,POINT (72.591259 23.042245),28,1302516.0,"Shahibag, Ahmedabad (M.Corp.) Ward No. 16",Shahibag,16
100,Shree Kantilal PhoolChand Dhiya Muni.Swimmingpool,"Sabarmati,Nr. Vima Yojna Dispensary, Nr. BSNL Office, Sabarmati",23.080616,72.592895,Swimming Pools,POINT (72.592895 23.080616),27,1302504.0,"Sabarmati, Ahmedabad (M.Corp.) Ward No. 4",Sabarmati,4
101,Shri Lalbhai Chababhai Patel Swimming Pool,"Khokhra,Opp. Vima Yojna Dispensary, B/s. Gajanand Flats, Khokhra",22.998788,72.616021,Swimming Pools,POINT (72.616021 22.998788),40,1302544.0,"Khokhra, Ahmedabad (M.Corp.) Ward No. 44",Khokhra,44
102,Asarva Swimming Pool,"Asarva,B/s. Khandubhai Desai Hall, Asarva",23.044968,72.602465,Swimming Pools,POINT (72.602465 23.044968),29,1302515.0,"Asarva, Ahmedabad (M.Corp.) Ward No. 15",Asarwa,15
103,Shree Somnath Prabhashankar Dave Swimmingpool,"Saraspur,Potalia Cross Road, Saraspur",23.032808,72.613759,Swimming Pools,POINT (72.613759 23.032808),9,1302527.0,"Sarsapur Rakhiyal, Ahmedabad (M.Corp.) Ward No. 27",Saraspur-Rakhiyal,27
104,Shri Ramanbhai Lallubhai Swimming Pool,"Lal Darwaja,Nr. AMTS Bus Stop, Lal Darwaja",23.024223,72.577532,Swimming Pools,POINT (72.577532 23.024223),30,1302521.0,"Dariyapur, Ahmedabad (M.Corp.) Ward No. 21",Dariyapur,21
105,Swami Vivekanand Swimming Pool,"CTM,Opp. CTM Mill, Nr. CTM Cross Road, CTM",22.991581,72.633317,Swimming Pools,POINT (72.633317 22.991581),38,1302542.0,"Indrapuri, Ahmedabad (M.Corp.) Ward No. 42",Indrapuri,42
106,Shri Vasant Gajendra Gadkar Swimming Pool,"Sarangpur,B/h. Sarangpur Bus Stop, Sarangpur",23.021156,72.598587,Swimming Pools,POINT (72.598587 23.021156),43,1302528.0,"Khadiya, Ahmedabad (M.Corp.) Ward No. 28",Khadia,28
107,Chandrakant Baxi Library,,23.06356,72.566632,library,POINT (72.566632 23.06356),24,1302506.0,"Nava Vadaj, Ahmedabad (M.Corp.) Ward No. 6",New Wadaj,6
108,"Kavi ramanlal vasantlal Desai,Nikol",,23.02553,72.643914,library,POINT (72.643914 23.02553),39,1302525.0,"Viratnagar, Ahmedabad (M.Corp.) Ward No. 25",Virat Nagar,25
109,"V.N.Shah Library,Rakhiyal",,23.021774,72.623712,library,POINT (72.623712 23.021774),9,1302527.0,"Sarsapur Rakhiyal, Ahmedabad (M.Corp.) Ward No. 27",Saraspur-Rakhiyal,27
110,"B.N.Library,Raipur",,23.021184,72.594867,library,POINT (72.594867 23.021184),43,1302528.0,"Khadiya, Ahmedabad (M.Corp.) Ward No. 28",Khadia,28
111,Dr.Shyama Prashad Mukharji,Dr.Shyama Prashad Mukharji Over Bridge Under 132 Foot RingRoad Vejalpur,23.011051,72.531455,library,POINT (72.531455 23.011051),18,1302520.0,"Jodhpur, Ahmedabad (M.Corp.) Ward No. 20",Jodhpur,20
112,GorvardhanrAM Tripathi Muni Library,Opp- Fire Briged RAMbaugh Maninagar,22.998323,72.602814,library,POINT (72.602814 22.998323),33,1302537.0,"Maninagar, Ahmedabad (M.Corp.) Ward No. 37",Mani Nagar,37
113,Jayotindra Dave Muni Library,Opp-lalakaka Holl Shahpur Ahmedabad,23.043314,72.580155,library,POINT (72.580155 23.043314),41,1302517.0,"Shapur, Ahmedabad (M.Corp.) Ward No. 17",Shahpur,17
114,Patel.K.K.Muni Library,Naroda GAM Na Nake Ahmedabad,23.074475,72.656816,library,POINT (72.656816 23.074475),0,1302512.0,"Naroda, Ahmedabad (M.Corp.) Ward No. 12",Naroda,12
115,Swa.Lalbhai Kundivala Muni.Library,Opp- Anjuman High School Chipavad JAMalpur Ahmedabad,23.018496,72.586658,library,POINT (72.586658 23.018496),42,1302529.0,"Jamalpur, Ahmedabad (M.Corp.) Ward No. 29",Jamalpur,29
116,Chimanlal PurshottAMdas Gajjar Muni Library,Jivankadashi ni Pole Shahpur Ahmedabad,23.039086,72.581442,library,POINT (72.581442 23.039086),30,1302521.0,"Dariyapur, Ahmedabad (M.Corp.) Ward No. 21",Dariyapur,21
117,Dr. Babasaheb Ambedkar Muni.Library,Kundavadi achali GomtipurDarwaja Bahar Ahmedabad,23.012629,72.611697,library,POINT (72.611697 23.012629),35,1302539.0,"Amraivadi, Ahmedabad (M.Corp.) Ward No. 39",Amraiwadi,39
118,Kavi Narmad Muni.Library,Hajipura Garden Madhupura Bardolpura Ahmedabad,23.04215,72.590986,library,POINT (72.590986 23.04215),28,1302516.0,"Shahibag, Ahmedabad (M.Corp.) Ward No. 16",Shahibag,16
119,Trithkar Udhyan Muni.Library,Trithkar Udhyan Opp-Rajashthan Hospital Ahmedabad,23.054098,72.59860400000001,library,POINT (72.59860400000001 23.054098),28,1302516.0,"Shahibag, Ahmedabad (M.Corp.) Ward No. 16",Shahibag,16
120,Jethabhai Garden Muni.Library,Civil Hospital Ahmedabad,23.049959,72.600938,library,POINT (72.600938 23.049959),28,1302516.0,"Shahibag, Ahmedabad (M.Corp.) Ward No. 16",Shahibag,16
121,Ishawarlal Kachrabhai Parmar Muni.Library,Opp-Shreeji vidhyalaya Bapunagar Ahmedabad,23.036847,72.625689,library,POINT (72.625689 23.036847),3,1302526.0,"Bapurnagar, Ahmedabad (M.Corp.) Ward No. 26",Bapu Nagar,26
122,Sakriben Chturbhai SINI.City.Muni.Library,Shahibaugh Dafnala Ahmedabad,23.057423,72.59872900000002,library,POINT (72.59872900000002 23.057423),28,1302516.0,"Shahibag, Ahmedabad (M.Corp.) Ward No. 16",Shahibag,16
123,Kavi RAManlal Vashantbhai Desai Muni.Library,Opp-Krishnapark Tubevel Fa.Plot no28 Nikol Ahmedabad,22.975735,72.62043400000002,library,POINT (72.62043400000002 22.975735),32,1302547.0,"Vatava, Ahmedabad (M.Corp.) Ward No. 47",Vatva,47
124,Chnadrkant Bakshi Muni.Library,Bh-Devpath Flat Arban Health Centre Nava Vadaj Ahmedabad,23.025995,72.635376,library,POINT (72.635376 23.025995),3,1302526.0,"Bapurnagar, Ahmedabad (M.Corp.) Ward No. 26",Bapu Nagar,26
125,Kaniyalal NathurAM Bhil Muni.Library,Opp-Gurulrupa Pumping Station Kubernagar Ahmedabad,23.003244,72.57718,library,POINT (72.57718 23.003244),31,1302535.0,"Baherampura, Ahmedabad (M.Corp.) Ward No. 35",Baherampura,35
126,Umashankar Joshi Muni.Library,Opp- Circuit House Gayatri Temple Ahmedabad,23.023599,72.660854,library,POINT (72.660854 23.023599),36,1302540.0,"Odhav, Ahmedabad (M.Corp.) Ward No. 40",Odhav,40
127,Kaniyalal Maneklal Munshi Muni.Library,Swastik Char Rasta Muni.JimenshiyAM Opp- Bhilvadaroad Bhaipura Ahmedabad,23.036051,72.561231,library,POINT (72.561231 23.036051),22,1302518.0,"Navrangpura, Ahmedabad (M.Corp.) Ward No. 18",Navrangpura,18
128,K.K.Shastri Muni.Library,Dhrnidhar Derasar Char Rasta Paldi Ahmedabad,23.009309,72.548642,library,POINT (72.548642 23.009309),21,1302530.0,"Paldi, Ahmedabad (M.Corp.) Ward No. 30",Paldi,30
129,Narsinhrav divetiya Muni.Library,Opp-P.M.Ghyanmandir Mathur Master Char Rasta Amraivadi Ahmedabad,23.00949,72.62599,library,POINT (72.62599 23.00949),35,1302539.0,"Amraivadi, Ahmedabad (M.Corp.) Ward No. 39",Amraiwadi,39
130,Kavi Suresh HariPrashad Joshi Muni.Library,Old-Maleriya Office Opp- Muni.School Khokhra Ahmedabad,23.001735,72.619468,library,POINT (72.619468 23.001735),40,1302544.0,"Khokhra, Ahmedabad (M.Corp.) Ward No. 44",Khokhra,44
131,Kaka Kalekar Muni.Library.,C.T.M.Char Rasta Ahmedabad.,22.9916,72.633214,library,POINT (72.633214 22.9916),38,1302542.0,"Indrapuri, Ahmedabad (M.Corp.) Ward No. 42",Indrapuri,42
132,Manishankar Ratanji Bhatt Muni Library,Opp-Bajkhedavala Society Khokhra Ahmedabad,22.992423,72.616269,library,POINT (72.616269 22.992423),40,1302544.0,"Khokhra, Ahmedabad (M.Corp.) Ward No. 44",Khokhra,44
133,Pannalal Patel Muni Library,Opp-Gomtipur Darwaja Ahmedabad,23.018207,72.614034,library,POINT (72.614034 23.018207),45,1302538.0,"Gomtipur, Ahmedabad (M.Corp.) Ward No. 38",Gomtipur,38
134,Dadabhai Navroji Muni Library,Opp-pankornaka Ahmedabad,23.023427,72.586131,library,POINT (72.586131 23.023427),43,1302528.0,"Khadiya, Ahmedabad (M.Corp.) Ward No. 28",Khadia,28
135,Bhikhubhai Chavda Muni Library,Opp-liladharbhai Holl BehrAMbhai Ahmedabad,23.009209,72.586412,library,POINT (72.586412 23.009209),44,1302536.0,"Danilimda, Ahmedabad (M.Corp.) Ward No. 36",Danilimda,36
136,Koutilya Muni Library,Asarwa Chkla Asarwa Ahmedabad,23.043750000000003,72.605379,library,POINT (72.605379 23.043750000000003),29,1302515.0,"Asarva, Ahmedabad (M.Corp.) Ward No. 15",Asarwa,15
137,Mahatmagandhi Muni Library,RAMnagar Chok Sabarmati Ahmedabad,23.083412000000003,72.589849,library,POINT (72.589849 23.083412000000003),27,1302504.0,"Sabarmati, Ahmedabad (M.Corp.) Ward No. 4",Sabarmati,4
138,Surendrabhai Patel (Daskaka) Muni Library,Astodiya Chakla Dhalni Pole,23.018021,72.59029,library,POINT (72.59029 23.018021),43,1302528.0,"Khadiya, Ahmedabad (M.Corp.) Ward No. 28",Khadia,28
139,ShekhadAM Abuvala Muni Library,Opp-JAMalpur Pagthiya Tangarvad Ahmedabad,23.013067,72.582112,library,POINT (72.582112 23.013067),42,1302529.0,"Jamalpur, Ahmedabad (M.Corp.) Ward No. 29",Jamalpur,29
140,Shree RAManlal Nilkhanth Muni Library,Opp-Joshef School Rajpur Mansurini chali Ahmedabad,23.014005,72.607894,library,POINT (72.607894 23.014005),40,1302544.0,"Khokhra, Ahmedabad (M.Corp.) Ward No. 44",Khokhra,44
141,RA.B.GI.U.Muni.Library,Kalupur Muni.Gujarati SchoolnO-22 Khodi AAMbali Ahmedabad,23.02854,72.596316,library,POINT (72.596316 23.02854),43,1302528.0,"Khadiya, Ahmedabad (M.Corp.) Ward No. 28",Khadia,28
142,Suny Palanpuri Muni Library,Sodaghar Ni Pole Opp-JAMalpur Darwaja Ahmedabad,23.013216,72.581516,library,POINT (72.581516 23.013216),42,1302529.0,"Jamalpur, Ahmedabad (M.Corp.) Ward No. 29",Jamalpur,29
143,Nanhalal Kavi Muni.Library,Opp-Parshi Agiyari Katodiya Ahmedabad,23.08003,72.589021,library,POINT (72.589021 23.08003),27,1302504.0,"Sabarmati, Ahmedabad (M.Corp.) Ward No. 4",Sabarmati,4
144,Radhakishan Sharma Muni.Library,Opp- Police Choki Ambavadi Sardarnagar Ahmedabad,23.081546,72.631235,library,POINT (72.631235 23.081546),5,1302511.0,"Sardarnagar, Ahmedabad (M.Corp.) Ward No. 11",Sardar Nagar,11
145,Pandit Dindayal Upadhyay Muni.Library,Thakorvas Ghatlodiya AhAMedabad,23.067791,72.540531,library,POINT (72.540531 23.067791),13,1302507.0,"Ghatlodiya, Ahmedabad (M.Corp.) Ward No. 7",Ghatlodia,7
146,Sheth Maneklal Jethalal Sanchalit Library,Elish Bridge-Ahmedabad,23.023358,72.570694,library,POINT (72.570694 23.023358),22,1302518.0,"Navrangpura, Ahmedabad (M.Corp.) Ward No. 18",Navrangpura,18
147,Sheth Maneklal Jethalal Sanchalit Library,Opp-Block No- 83 Gujarat hou.board Vijay nagar Naranpura,23.060112,72.549009,library,POINT (72.549009 23.060112),23,1302509.0,"Naranpura, Ahmedabad (M.Corp.) Ward No. 9",Naranpura,9
148,Ajit Bhagat Memorial Trust Library,Ajit Bhagat Memorial Trust Kalupur Ward No.2 Doshivada ni pole kalupur,23.028182,72.593716,library,POINT (72.593716 23.028182),30,1302521.0,"Dariyapur, Ahmedabad (M.Corp.) Ward No. 21",Dariyapur,21
149,"Kavi Shree ManBhatt Premanand Library,Naroda",Opp-Vijay Mill Asarwa MarathiSchool No-1-2 Naroda Road Ahmedabad-380018,23.048756,72.621683,library,POINT (72.621683 23.048756),10,1302522.0,"India colony, Ahmedabad (M.Corp.) Ward No. 22",India colony,22
150,"Surishwar Library,Vasana Branch Libarary",Chandranagar Road Opp-Anjali Char Rasta Vasna Ahmedabad,23.003902,72.554089,library,POINT (72.554089 23.003902),21,1302530.0,"Paldi, Ahmedabad (M.Corp.) Ward No. 30",Paldi,30
151,Atma Science & Technology Library,Opp-Maninagar Tenish Court Bh-Kamla Nehru Udhyan Uttamnagar Maninagar Ahmedabad,22.991631,72.607347,library,POINT (72.607347 22.991631),33,1302537.0,"Maninagar, Ahmedabad (M.Corp.) Ward No. 37",Mani Nagar,37
152,Vir Savarkar Muni.Library,Sport Compound Memco Ahmedabad,23.053361,72.632006,library,POINT (72.632006 23.053361),8,1302513.0,"Saijpur Bogha, Ahmedabad (M.Corp.) Ward No. 13",Saijpur Bogha,13
153,Sheth Maneklal Jethalal Sanchalit Library,Opp- Laliteshwar Mahadev Near-New Cotton Circle Ahmedabad-380026,23.006453,72.619803,library,POINT (72.619803 23.006453),35,1302539.0,"Amraivadi, Ahmedabad (M.Corp.) Ward No. 39",Amraiwadi,39
154,dayanand Sarshwati Muni Library,,23.043754,72.605313,library,POINT (72.605313 23.043754),29,1302515.0,"Asarva, Ahmedabad (M.Corp.) Ward No. 15",Asarwa,15
155,"Narayanbhai Ranchhodbhai Library,Kantodiya",,23.012024,72.596916,library,POINT (72.596916 23.012024),33,1302537.0,"Maninagar, Ahmedabad (M.Corp.) Ward No. 37",Mani Nagar,37
156,RA.B.GI.U Library,,23.031334,72.589348,library,POINT (72.589348 23.031334),30,1302521.0,"Dariyapur, Ahmedabad (M.Corp.) Ward No. 21",Dariyapur,21
157,Vasantbhai Rami Library,,23.017079,72.520289,library,POINT (72.520289 23.017079),18,1302520.0,"Jodhpur, Ahmedabad (M.Corp.) Ward No. 20",Jodhpur,20
158,"Kavi Dalpatram Library,Relif Road",,23.028567,72.591523,library,POINT (72.591523 23.028567),30,1302521.0,"Dariyapur, Ahmedabad (M.Corp.) Ward No. 21",Dariyapur,21
159,"Kanaiyalal Nathuram Library,Kubernagar",,23.061043,72.629647,library,POINT (72.629647 23.061043),6,1302514.0,"Kubernagar, Ahmedabad (M.Corp.) Ward No. 14",Kuber Nagar,14
160,"MakrantBhai desai Library,Bodakdev",,23.039651,72.520181,library,POINT (72.520181 23.039651),14,1302519.0,"Bodakdev, Ahmedabad (M.Corp.) Ward No. 19",Bodakdev,19
161,Kanaiya lal Maneklal Munsi Library,,23.008615,72.625849,library,POINT (72.625849 23.008615),35,1302539.0,"Amraivadi, Ahmedabad (M.Corp.) Ward No. 39",Amraiwadi,39
162,Saijpur Library,,23.058453,72.637009,library,POINT (72.637009 23.058453),8,1302513.0,"Saijpur Bogha, Ahmedabad (M.Corp.) Ward No. 13",Saijpur Bogha,13
163,Sola Library,,23.056684,72.53992,library,POINT (72.53992 23.056684),23,1302509.0,"Naranpura, Ahmedabad (M.Corp.) Ward No. 9",Naranpura,9
164,Thakkarbapanagar Library,,23.051071000000004,72.64664500000002,library,POINT (72.64664500000002 23.051071000000004),7,1302523.0,"Thakkarbapa Nagar, Ahmedabad (M.Corp.) Ward No. 23",Thakkarbapa Nagar,23
165,"Chandrakant Library,Vijay Nagar",,23.062249,72.557276,library,POINT (72.557276 23.062249),23,1302509.0,"Naranpura, Ahmedabad (M.Corp.) Ward No. 9",Naranpura,9
166,"Kavi shree Rajendra shah Library,Himmat lal park",,23.027245,72.535835,library,POINT (72.535835 23.027245),22,1302518.0,"Navrangpura, Ahmedabad (M.Corp.) Ward No. 18",Navrangpura,18
167,"sureshBhai Ramkumar Joshi Library,Sarspur",,23.032047,72.61129300000002,library,POINT (72.61129300000002 23.032047),9,1302527.0,"Sarsapur Rakhiyal, Ahmedabad (M.Corp.) Ward No. 27",Saraspur-Rakhiyal,27
168,"Reading room,Amaraywadi",,23.007979,72.627539,library,POINT (72.627539 23.007979),35,1302539.0,"Amraivadi, Ahmedabad (M.Corp.) Ward No. 39",Amraiwadi,39
