facility_id,facility_name,description,latitude,longitude,kml_category
1,New Muster Office Danilimda,Address: New Muster Office Danilimda - Nr Danilimda Road<br>Latitude: 22.9924866<br>Longitude: 72.5844166,22.9924866,72.5844166,Ward Office
2,"Naroda Road , SubZonal Office","Address: SubZonal Office,<br>Nr. Ashok Mill<br>Naroad <br>Latitude: 23.0362944<br>Longitude: 72.6062386",23.0362944,72.6062386,Ward Office
3,Nikol New Office,Address: Nikol New Office  sub zone <br>Latitude: 23.0533839<br>Longitude: 72.6693675,23.0533839,72.66936750000002,Ward Office
4,Ramol-Subzone Muster Office,"Address: Ramol Nr, Jama Masjid Road Ramol<br>Latitude: 22.9785507<br>Longitude: 72.656402",22.9785507,72.656402,Ward Office
5,Shahibaug Ward Office,"Address: Girdharnagar Ward Office, Near. Civil Hospital, Ahmedabad.<br>Latitude: 23.051791<br>Longitude: 72.599129",23.051791,72.599129,Ward Office
6,Lambha Ward Office,"Address: 1, National Highway 8, Narolgam, Ahmedabad, Gujarat<br>Latitude: 22.961994<br>Longitude: 72.591557",22.961994,72.591557,Ward Office
7,Thakkarbapa Nagar Ward Office,Address: Thakkarbapa Nagar Ward Office<br>Latitude: 23.047155<br>Longitude: 72.643415,23.047155,72.643415,Ward Office
8,Khadia Sub Zonal Office,"Address: Near, Panchkuwa road, Ahmedabad<br>Latitude: 23.024967<br>Longitude: 72.597174",23.024967000000004,72.597174,Ward Office
9,Navrangpura,"Address: 5, Navrangpura Marg, Swastik Society, Navrangpura, Ahmedabad, Gujarat 380009, India<br>Latitude: 23.036283<br>Longitude:  72.56300099999999",23.036283,72.56300099999999,Ward Office
10,Raikhad,"Address: Raikhad Cahar Nadika Daravaj Road, Raikhad, <br>Latitude: 23.0192512<br>Longitude:  72.5802711",23.0192512,72.5802711,Ward Office
11,Krushnanagar Ward office,"Address: Krushnanagar Ward Office, Near, Saijpur tower<br>Latitude: 23.0607525<br>Longitude:  72.63904619999994",23.0607525,72.63904619999994,Ward Office
12,Saijpur,"Address: Urban Health Center, Bhargav Road, Saijpur Bogha, Ahmedabad, Gujarat<br>Latitude: 23.0617152<br>Longitude:  72.62786600000004",23.0617152,72.62786600000004,Ward Office
13,Vasna,"Address: Near Swaminarayan school, Vasna <br>Latitude: 23.000582<br>Longitude: 72.550185",23.000582,72.550185,Ward Office
14,Paldi,Address: Paldi Ward office<br>Latitude: 23.0142474<br>Longitude:  72.56189700000004,23.0142474,72.56189700000004,Ward Office
15,Maktampura,"Address: Makampura office, Near Rehnuma Society, Vishala<br>Latitude: 22.994938<br>Longitude:  72.53297880000002",22.994938,72.53297880000002,Ward Office
16,Bhaipura,"Address: Bhaipura, Hatkeshwar<br>Ahmedabad, Gujarat 380008<br>Latitude: 22.992365<br>Longitude: 72.6251",22.992365,72.6251,Ward Office
17,Maninagar Master office,"Address: Near Maninagar Railway station , maninagar <br>Latitude: 22.999099<br>Longitude: 72.61031",22.999099,72.61031,Ward Office
18,Thaltej,"Address: Near Thaltej lake, Ahmedabad <br>Latitude: 23.050203<br>Longitude: 72.512842",23.050203,72.512842,Ward Office
19,Khohra Sub Zone Office,"Address: Sanatan Society Road , Khokhra , Ahmedabad - 380008 , Gujar<br>Latitude: 22.9987844<br>Longitude:  72.61791779999999",22.9987844,72.61791779999999,Ward Office
20,Ghtalodiya,"Address: Opposite Preet Residency, Below Chanakypuri Bridge, Ghatlodiya 380061 <br>Latitude: 23.0714785<br>Longitude:  72.54242750000003",23.0714785,72.54242750000003,Ward Office
21,Ranip,"Address: Old Nagarpalika Bldg.,Opp. Mahesh Party Plot,Ahmedabad.-382470<br>Latitude: 23.079909<br>Longitude: 72.574228",23.079909,72.574228,Ward Office
22,Gota Ward Office,"Address: 9/10, Gota Gam Road, Gota, Ahmedabad, Gujarat 382481, India <br>Latitude: 23.098718<br>Longitude: 72.537268",23.098718,72.537268,Ward Office
23,Bodakdev Ward Office,"Address: Memnagar Road, Memnagar, Ahmedabad, Gujarat 380052, India<br>Latitude: 23.048554<br>Longitude: 72.539243",23.048554,72.539243,Ward Office
24,Sarkhej,"Address: Sarkhej Village Road, Sarkhej, Ahmedabad, Gujarat 380055, India<br>Latitude: 22.980873<br>Longitude: 72.502141",22.980873,72.502141,Ward Office
25,Vejalpur,"Address: Jaltarang Society, 9B, Vejalpur Road, Jignasa Society, Vibhavari Society, Jivrajpark, Ahmedabad, Gujarat 380051, India<br>Latitude: 23.0039624<br>Longitude:  72.52326160000007",23.0039624,72.52326160000007,Ward Office
26,Jodhpur,"Address: 10, Jodhpur Village, Jodhpur, Ahmedabad, Gujarat 380015, India<br>Latitude: 23.016724<br>Longitude: 72.520452",23.016724,72.520452,Ward Office
27,Stadium,"Address: 45, Somnath Road, Shanti Nagar, Usmanpura, Ahmedabad, Gujarat 380013, India<br>Latitude: 23.049202<br>Longitude:  72.56431599999996",23.049202,72.56431599999998,Ward Office
28,New Wadaj,"Address: 32, New Wadaj Road, Bhimjipura, Nava Vadaj, Ahmedabad, Gujarat 380013, India<br>Latitude: 23.062522<br>Longitude: 72.565108",23.062522,72.565108,Ward Office
29,Sabarmati,"Address: AMTS Bus Stand, Dharm Nagar II, Sabarmati, Ahmedabad, Gujarat 380005, India<br>Latitude: 23.0742044<br>Longitude:  72.59247419999997",23.0742044,72.59247419999997,Ward Office
30,Chandkheda,"Address: 1, Nigam Nagar, Chandkheda, Ahmedabad, Gujarat 382424, India<br>Latitude: 23.108351<br>Longitude:  72.59265600000003",23.108351,72.59265600000003,Ward Office
31,Dariyapur,"Address: 2649, Delhi Chakla, Dariyapur, Ahmedabad, Gujarat 380001, India<br>Latitude: 23.036437<br>Longitude:  72.59090800000001",23.036437,72.59090800000001,Ward Office
32,Sardarnagar,"Address: 643, Shri Sadhujti L Vasvani Marg, Sindhi Ambawadi, Hansol, Ahmedabad, Gujarat 382475, India<br>Latitude: 23.08149<br>Longitude:  72.63217099999997",23.08149,72.63217099999997,Ward Office
33,Isanpur,"Address: Ramwadi-Anandwadi Road, Jay Krishna Society, Isanpur, Ahmedabad, Gujarat 380050, India<br>Latitude: 22.9806956<br>Longitude:  72.60234400000002",22.9806956,72.60234400000002,Ward Office
34,Indrapuri,"Address: CTM Flyover 2, Hatkeshwar, Ahmedabad, Gujarat 380008, India<br>Latitude: 22.989127<br>Longitude: 72.630652",22.989127,72.630652,Ward Office
35,Vatva,"Address: 16/17, Vatva, Ahmedabad, Gujarat 382440, India<br>Latitude: 22.952902<br>Longitude:  72.61703299999999",22.952902,72.61703299999999,Ward Office
36,Behrampura,"Address: Piplaj - Pirana Road, Calico Mills, Behrampura, Ahmedabad, Gujarat 380022, India<br>Latitude: 22.997042<br>Longitude: 72.574079",22.997042,72.574079,Ward Office
37,Rajpur,"Address: 11, Industrial Area, Rakhial, Ahmedabad, Gujarat 380021, India<br>Latitude: 23.017831<br>Longitude: 72.624324",23.017831,72.624324,Ward Office
38,Amraivadi,"Address: Ajod Dairy Road, Amraiwadi, Ahmedabad, Gujarat 380021, India<br>Latitude: 23.008722<br>Longitude: 72.628711",23.008722000000002,72.628711,Ward Office
39,Bapunagar,"Address: 3, Taj Mohammad Khan Pathan Road, Soni ni chali, Virat Nagar, Rakhial, Ahmedabad, Gujarat 380024, India<br>Latitude: 23.025917<br>Longitude: 72.635723",23.025917,72.635723,Ward Office
40,Vastral,"Address: 54, Ajay Tent No. 5 Road, Mahadev Nagar, Ahmedabad, Gujarat 382418, India<br>Latitude: 23.0002077<br>Longitude:  72.64621139999997",23.000207700000004,72.64621139999997,Ward Office
41,Odhav,"Address: 63/A, Rabadi Vasahat Road, G I D C Industrial Area, Odhav, Ahmedabad, Gujarat 382415, India<br>Latitude: 23.0240978<br>Longitude:  72.65000850000001",23.0240978,72.65000850000001,Ward Office
42,Naroda,"Address: Gujarat State Highway 68, GIDC Naroda, Ahmedabad, Gujarat 382330, India<br>Latitude: 23.074913<br>Longitude: 72.655845",23.074913,72.655845,Ward Office
43,Asarva,"Address: Jahangirpura, Asarwa, Ahmedabad, Gujarat 380016, India<br>Latitude: 23.0414554<br>Longitude:  72.601811",23.0414554,72.601811,Ward Office
44,SARASPUR,"Address: Saraspur Bal Bhavan, Nr, Maniben K.K. Eye Hospital,<br>Latitude: 23.029737<br>Longitude: 72.611924",23.029737,72.611924,Ward Office
45,NARANPURA,"Address: Naranpura Ward Office, Nr.Kameshwar Mahadev Mandir, Naranpura,Ahmedabad<br>Latitude: 23.057469<br>Longitude: 72.556409",23.057469,72.556409,Ward Office
46,Shahpur Ward office,"Address: Dudheshwar Sub Zonal Office, Dudheshwar water works compound, Shahibaug, Ahmedabad<br>Latitude: 23.051609<br>Longitude: 72.583484",23.051609,72.583484,Ward Office
47,CHANDLODIA,Address: Old Nagarpalika Office<br>Latitude: 23.080566<br>Longitude: 72.551097,23.080566,72.551097,Ward Office
48,North Zone,"Rajiv Gandhi Bhavan,Memco char rasta ,Naroda road",23.057114700000003,72.6334883,Zonal Office
49,New West Zone,"Rajamata Vijaya Raje Scindia Bhavan, Judges Bungalow Road, Bodakdev, Ahmedabad.",23.039006,72.514347,Zonal Office
50,West zone,"Dr. Ramanbhai Patel Bhavan, Usmanpura Char Rasta, Ashram Road, Ahmedabad",23.047767,72.570012,Zonal Office
51,Central Zone,"Central Zone-Health Dept. <br>B Block, 5th Floor, Sardar Patel Bhavan, Danapith, khamasa, AMC.",23.021259,72.5859,Zonal Office
52,East Zone,Harubhai Mahetabhavan Viratnagar Char Rasta,23.026649,72.639183,Zonal Office
53,South Zone,"Dr.Shyama Prasad Mukharji Bhavan, Opp.Maninagar Fire Station, Rambaug, Maninagar, Ahmedabad-08.",22.998122,72.603216,Zonal Office
54,Khokhra Vyayam shala,"Nearer to Khokhra Swimming pool,57-Khokhra ward,Ahmedabad",22.9987,72.616238,Municipal Gym
55,Maninagar Vyayam shala,"Opposite to L.G Hospital,Maninagar,Ahmedabad",23.000651,72.606545,Municipal Gym
56,Ambubhai Purani Vyayam vidhyalaya,"In Kankariya Lake, Kankariya,Ahmedabad",23.008956,72.599178,Municipal Gym
57,Swami Vivekanand Vyayam Vidhyalaya,"C.T.M Cross Road,Bagefirdosh,Ahmedabad<br>New_Name-Bagefirdosh Vyayam Shala",22.991723,72.633436,Municipal Gym
58,"Isanpur Vyayam shala,isanpur","Opposite To Smruti Temple,Isanpur,Ahmedabad",22.975236,72.61033,Municipal Gym
59,Krantivir Mahadev Desai Vyayam Vidhyalaya,"Swastik Cross Road,Nr. Rabari Colony,Bhaipura,Ahmedabad<br>New Name- Bhaipura Vyayam Shala",23.007232,72.62947,Municipal Gym
60,Krantivir Chandrashekhar Aaazad Vyayam Vidhyalaya,"Opposite To Tejendra Park,Nikol,Ahmedabad<br>New Name-Nikol Vyayam Shala",23.029095,72.646766,Municipal Gym
61,Krantivir Vithhalbhai Patel Vyayam Vidhyalaya,"Nearer To Gajanand Circle,Odhav,Ahmedabad<br>New name-Odhav Vyayam Shala",23.029486,72.653247,Municipal Gym
62,Krantivir Sadarsinh Rana Vyayam Vidhyalaya,"In the Payal Nagar Park,Naroda Gam,Muthiya,Ahmedabad<br>New name-Naroda Muthiya Vyayam Shala",23.067594,72.651612,Municipal Gym
63,Krantivir Kinnarivala Vyayam Shala,"Opposite to Saijpur Tower,Saijpur Bogha,Saijpur,Ahmedabad<br>New Name-Saijpur Bogha Vyayam Shala",23.060856,72.64021,Municipal Gym
64,Memco Sports Center,veer savarkar vyaym shala,23.053378,72.632086,Municipal Gym
65,Krantivir Chitranjandas Vyayam Vidhyalaya,"Opposite to Sachidanand Society,Limda Bus Stand Road,Kubernagar,Ahmedabad<br>New Name-Kubernagar Vyayam Shala",23.061065,72.629681,Municipal Gym
66,Krantivir Mangalpandey Vyayam Vidhyalaya,"In Jethabhai Park,Oppo-Civil Hospital,Girdharnagar,Ahmedabad<br>New Name-Girdharnagar Vyayam Shala",23.049366,72.600763,Municipal Gym
67,Rajmata Vijayaraja Sindhiya Mahila Vyayam Vidhyalaya,"Nearer To Shahibag Post Office,Circuit House,Shahibag,Ahmedabad,<br>New Name- Shahibag Mahila Vyayam Shala",23.062216,72.595753,Municipal Gym
68,Krantivir Medam Kama Vyayam Vidhyalaya,"Nearer Hajipura Swimming Pool,Hajipura,Ahmedabad<br>New Name-Hajipura Vyayam Shala",23.042031,72.591156,Municipal Gym
69,Krantivir Sukhdev Vyayam Vidhyalaya,"Nearer Dariyapur Mustar Station,Opp- Kuti Masjid, Dariyapur,ahmedabad<br>New Name-Dariyapur Vyayam Shala",23.037135,72.591865,Municipal Gym
70,"Umakant Kadiya,Shahpur Vyayam Shala","Jivan KamalShi Ni Pol,Shahpur,Ahmedabad",23.039078,72.58148,Municipal Gym
71,Manikba Sanskar Vadi Vyayam Shala,"Kiran Nagar Dudheswar Road,Ahmedabad<br>New Name-Dudheshwar Vyayam Shala",23.04169,72.579645,Municipal Gym
72,Sardar Patel Vyayam Vidhyalaya,"Nr Swimming Pool,Sardar Patel Stadium,Navrangpura,Ahmedabad",23.040069,72.564528,Municipal Gym
73,Cricketer Padamshree Jashubhai patel Vyayam Vidhyalaya,"Bhimjipura pumping Station,Swimming Pool,Vadaj,Ahmedabad<br>New Name-Nava Vadaj Vyayam Shala",23.063163,72.568102,Municipal Gym
74,Cricketer Vinu Mankad Vyayam Shala,"Nearer Nishant School,Swimming Pool,Nirnyan Nagar road, Ranip,Ahmedabad<br>New Name-Ranip Vyayam Shala",23.080322,72.56314,Municipal Gym
75,Krantivir Mahadev Govind Rnde Vyayam Vidhyalaya,"Nearer Kothari Tower Parking,Sabarmati,Ahmedabad<br>New name-Sabarmati Vyayam Shala",23.084176,72.584535,Municipal Gym
76,Krantivir Bankimchandra Pal Vyayam Vidhyalaya,"Nearer City Civic Centre,Chandkheda Gam,Ahmedabad<br>New Name-Chandkheda Vyayam Shala",23.116104,72.584394,Municipal Gym
77,Shree Makarchand Desai Vyayam Vidhyalaya,"Opposite Relience Fresh,AMC Garden,Bodakdev,Ahmedabad<br>New Name-Bodakdev Vyayam Shala",23.03965,72.520194,Municipal Gym
78,Krantivir Pandit Madanmohan Malviya Vyayam Vidhyalaya,"Under Shyama Prasad Bridge,Vejalpur,Ahmedabad<br>New Name-Vejalpur Vyayam Shala",23.010201,72.531543,Municipal Gym
79,Ghatlodiya Vyayam Shala,"Ghatlodiya,Ahmedabad",23.071903,72.542259,Municipal Gym
80,Swatantra Vir Savarkar Vyayam Vidhyalaya,"City Civic Center,Vasna,Ahmedabad<br>New Name-Vasna Vyayam Shala",23.004469,72.549783,Municipal Gym
81,Sardar bridge Vyayam Shala,"Behind jamalpur Vegetable Market,Sardar Bridge Health Quaters,Jamalpur,Ahmedabad,<br>New Name-Sardar Bridge Vyayam Shala",23.010842,72.578834,Municipal Gym
82,Raykhad Vyayam Vidhyalaya,"Near Gayakvad HAveli Road,Raykhad,Ahmedabad",23.013929,72.57884600000001,Municipal Gym
83,Krantivir Asraf Ullakhan Vyayam Vidhyalaya,"Sodagar Ni Pol,Jamalpur Darwaja,Jamalpur,Ahmedabad<br>New Name-Jamalpur Vyayam Shala",23.013873,72.579516,Municipal Gym
84,Sarashpur Vyayam Shala,"Nearer Balbhavan,Saraspur Muster,Saraspur,Ahmedabad",23.029609,72.611695,Municipal Gym
85,Krantivir Raja Rammohanray Vyayam Vidhyalaya,"Parimal Garden,Panchvati,Ahmedabad<br>New Name-Parimal Garden Vyayam Shala",23.020814,72.556864,Municipal Gym
86,Veer Chandrashekhar Aazad Vyayam Shala,"Opposite IDBI Bank,Municipal Staff Quaters,Lal Bunglow,Ellisbridge,ahmedabad<br>New Name-Ellisbridge Vyayam Shala",23.029757,72.555286,Municipal Gym
87,Krantivir Tatya Tope Vyayam Vidhyalaya,"Opposite Calico dom Relief Road,Kalupur,ahmedabad<br>New Name-Kalupur Vyayam Shala",23.02859,72.591609,Municipal Gym
88,Sardar Patel Vyayam Vidhyalaya,"Zupadi Ni Pol Sankadi Sheri,Khadiya,Ahmedabad<br>New Name-Sardar Patel Vyayam Shala",23.023445,72.589936,Municipal Gym
89,Krantivir Ishvarchandra Vidhyasagar Vyayam Vidhyalaya,"Opposite To Post Office,Kunda Vadi Chali,Gomtipur,Ahmedabad<br>New Name-Gomtipur Vyayam Shala",23.012583,72.609527,Municipal Gym
90,Prahladsinh Patel Vyayam Shala,"Opposite Rami Ni Chali,Rakhiyal,Ahmedabad<br>New Name-Rakhiyal Vyayam Shala",23.035111,72.613166,Municipal Gym
91,Pushpkunj Table Tennis,"Swimming Pool,Kankariya,Ahmedabad",23.00341,72.599756,Municipal Gym
92,Raipur Sports Sankul,"Opposite Kagdapith Police Station Raipur,Ahmedabad",23.018832,72.598224,Municipal Gym
93,Vir Savarkar Muni.Swimmingpool,"Vasna,Opp. Godawari Flats, B/h. Anjali Cinema, Vasna",23.004688,72.549721,Swimming Pools
94,Sardarpatel Stadium.Mui.Swimmingpool,"Nr. Stadium Circle, Navrangpura",23.040239000000003,72.564089,Swimming Pools
95,Shri Hirabhai Smarak Swimming Pool,"Kankariya,Opp. BRTS Bus Stop, Nr. Kankariya Lake, Kankariya, Maninagar",23.003289,72.599722,Swimming Pools
96,Padhmashri Jashubhai Patel Swimming Pool,"Nava Vadaj,Nr. Bhimjipura Bus Stop, Nava Vada",23.062967,72.567784,Swimming Pools
97,Krantivir Vitthalbhai Patel Swimming Pool,"Odhav,B/h. Ambika Nagar Fire Station, Nr. Water Tank, Odhav",23.029656,72.653553,Swimming Pools
98,Cricketer Shri Vinu Mankad Swimmingpool,"Ranip,Nr. Ambica Garden, B/S. Nishan School, Nirnaynagar Dhal",23.080086,72.563039,Swimming Pools
99,Hajipura Muni.Swimmingpool,"Hajipura,B/s. Lakhaji Kuvarji Chock Hall, B/h. Hajipura Garden, Madhupura",23.042245,72.591259,Swimming Pools
100,Shree Kantilal PhoolChand Dhiya Muni.Swimmingpool,"Sabarmati,Nr. Vima Yojna Dispensary, Nr. BSNL Office, Sabarmati",23.080616,72.592895,Swimming Pools
101,Shri Lalbhai Chababhai Patel Swimming Pool,"Khokhra,Opp. Vima Yojna Dispensary, B/s. Gajanand Flats, Khokhra",22.998788,72.616021,Swimming Pools
102,Asarva Swimming Pool,"Asarva,B/s. Khandubhai Desai Hall, Asarva",23.044968,72.602465,Swimming Pools
103,Shree Somnath Prabhashankar Dave Swimmingpool,"Saraspur,Potalia Cross Road, Saraspur",23.032808,72.613759,Swimming Pools
104,Shri Ramanbhai Lallubhai Swimming Pool,"Lal Darwaja,Nr. AMTS Bus Stop, Lal Darwaja",23.024223,72.577532,Swimming Pools
105,Swami Vivekanand Swimming Pool,"CTM,Opp. CTM Mill, Nr. CTM Cross Road, CTM",22.991581,72.633317,Swimming Pools
106,Shri Vasant Gajendra Gadkar Swimming Pool,"Sarangpur,B/h. Sarangpur Bus Stop, Sarangpur",23.021156,72.598587,Swimming Pools
107,Chandrakant Baxi Library,,23.06356,72.566632,library
108,"Kavi ramanlal vasantlal Desai,Nikol",,23.02553,72.643914,library
109,"V.N.Shah Library,Rakhiyal",,23.021774,72.623712,library
110,"B.N.Library,Raipur",,23.021184,72.594867,library
111,Dr.Shyama Prashad Mukharji,Dr.Shyama Prashad Mukharji Over Bridge Under 132 Foot RingRoad Vejalpur,23.011051,72.531455,library
112,GorvardhanrAM Tripathi Muni Library,Opp- Fire Briged RAMbaugh Maninagar,22.998323,72.602814,library
113,Jayotindra Dave Muni Library,Opp-lalakaka Holl Shahpur Ahmedabad,23.043314,72.580155,library
114,Patel.K.K.Muni Library,Naroda GAM Na Nake Ahmedabad,23.074475,72.656816,library
115,Swa.Lalbhai Kundivala Muni.Library,Opp- Anjuman High School Chipavad JAMalpur Ahmedabad,23.018496,72.586658,library
116,Chimanlal PurshottAMdas Gajjar Muni Library,Jivankadashi ni Pole Shahpur Ahmedabad,23.039086,72.581442,library
117,Dr. Babasaheb Ambedkar Muni.Library,Kundavadi achali GomtipurDarwaja Bahar Ahmedabad,23.012629,72.611697,library
118,Kavi Narmad Muni.Library,Hajipura Garden Madhupura Bardolpura Ahmedabad,23.04215,72.590986,library
119,Trithkar Udhyan Muni.Library,Trithkar Udhyan Opp-Rajashthan Hospital Ahmedabad,23.054098,72.59860400000001,library
120,Jethabhai Garden Muni.Library,Civil Hospital Ahmedabad,23.049959,72.600938,library
121,Ishawarlal Kachrabhai Parmar Muni.Library,Opp-Shreeji vidhyalaya Bapunagar Ahmedabad,23.036847,72.625689,library
122,Sakriben Chturbhai SINI.City.Muni.Library,Shahibaugh Dafnala Ahmedabad,23.057423,72.59872900000002,library
123,Kavi RAManlal Vashantbhai Desai Muni.Library,Opp-Krishnapark Tubevel Fa.Plot no28 Nikol Ahmedabad,22.975735,72.62043400000002,library
124,Chnadrkant Bakshi Muni.Library,Bh-Devpath Flat Arban Health Centre Nava Vadaj Ahmedabad,23.025995,72.635376,library
125,Kaniyalal NathurAM Bhil Muni.Library,Opp-Gurulrupa Pumping Station Kubernagar Ahmedabad,23.003244,72.57718,library
126,Umashankar Joshi Muni.Library,Opp- Circuit House Gayatri Temple Ahmedabad,23.023599,72.660854,library
127,Kaniyalal Maneklal Munshi Muni.Library,Swastik Char Rasta Muni.JimenshiyAM Opp- Bhilvadaroad Bhaipura Ahmedabad,23.036051,72.561231,library
128,K.K.Shastri Muni.Library,Dhrnidhar Derasar Char Rasta Paldi Ahmedabad,23.009309,72.548642,library
129,Narsinhrav divetiya Muni.Library,Opp-P.M.Ghyanmandir Mathur Master Char Rasta Amraivadi Ahmedabad,23.00949,72.62599,library
130,Kavi Suresh HariPrashad Joshi Muni.Library,Old-Maleriya Office Opp- Muni.School Khokhra Ahmedabad,23.001735,72.619468,library
131,Kaka Kalekar Muni.Library.,C.T.M.Char Rasta Ahmedabad.,22.9916,72.633214,library
132,Manishankar Ratanji Bhatt Muni Library,Opp-Bajkhedavala Society Khokhra Ahmedabad,22.992423,72.616269,library
133,Pannalal Patel Muni Library,Opp-Gomtipur Darwaja Ahmedabad,23.018207,72.614034,library
134,Dadabhai Navroji Muni Library,Opp-pankornaka Ahmedabad,23.023427,72.586131,library
135,Bhikhubhai Chavda Muni Library,Opp-liladharbhai Holl BehrAMbhai Ahmedabad,23.009209,72.586412,library
136,Koutilya Muni Library,Asarwa Chkla Asarwa Ahmedabad,23.043750000000003,72.605379,library
137,Mahatmagandhi Muni Library,RAMnagar Chok Sabarmati Ahmedabad,23.083412000000003,72.589849,library
138,Surendrabhai Patel (Daskaka) Muni Library,Astodiya Chakla Dhalni Pole,23.018021,72.59029,library
139,ShekhadAM Abuvala Muni Library,Opp-JAMalpur Pagthiya Tangarvad Ahmedabad,23.013067,72.582112,library
140,Shree RAManlal Nilkhanth Muni Library,Opp-Joshef School Rajpur Mansurini chali Ahmedabad,23.014005,72.607894,library
141,RA.B.GI.U.Muni.Library,Kalupur Muni.Gujarati SchoolnO-22 Khodi AAMbali Ahmedabad,23.02854,72.596316,library
142,Suny Palanpuri Muni Library,Sodaghar Ni Pole Opp-JAMalpur Darwaja Ahmedabad,23.013216,72.581516,library
143,Nanhalal Kavi Muni.Library,Opp-Parshi Agiyari Katodiya Ahmedabad,23.08003,72.589021,library
144,Radhakishan Sharma Muni.Library,Opp- Police Choki Ambavadi Sardarnagar Ahmedabad,23.081546,72.631235,library
145,Pandit Dindayal Upadhyay Muni.Library,Thakorvas Ghatlodiya AhAMedabad,23.067791,72.540531,library
146,Sheth Maneklal Jethalal Sanchalit Library,Elish Bridge-Ahmedabad,23.023358,72.570694,library
147,Sheth Maneklal Jethalal Sanchalit Library,Opp-Block No- 83 Gujarat hou.board Vijay nagar Naranpura,23.060112,72.549009,library
148,Ajit Bhagat Memorial Trust Library,Ajit Bhagat Memorial Trust Kalupur Ward No.2 Doshivada ni pole kalupur,23.028182,72.593716,library
149,"Kavi Shree ManBhatt Premanand Library,Naroda",Opp-Vijay Mill Asarwa MarathiSchool No-1-2 Naroda Road Ahmedabad-380018,23.048756,72.621683,library
150,"Surishwar Library,Vasana Branch Libarary",Chandranagar Road Opp-Anjali Char Rasta Vasna Ahmedabad,23.003902,72.554089,library
151,Atma Science & Technology Library,Opp-Maninagar Tenish Court Bh-Kamla Nehru Udhyan Uttamnagar Maninagar Ahmedabad,22.991631,72.607347,library
152,Vir Savarkar Muni.Library,Sport Compound Memco Ahmedabad,23.053361,72.632006,library
153,Sheth Maneklal Jethalal Sanchalit Library,Opp- Laliteshwar Mahadev Near-New Cotton Circle Ahmedabad-380026,23.006453,72.619803,library
154,dayanand Sarshwati Muni Library,,23.043754,72.605313,library
155,"Narayanbhai Ranchhodbhai Library,Kantodiya",,23.012024,72.596916,library
156,RA.B.GI.U Library,,23.031334,72.589348,library
157,Vasantbhai Rami Library,,23.017079,72.520289,library
158,"Kavi Dalpatram Library,Relif Road",,23.028567,72.591523,library
159,"Kanaiyalal Nathuram Library,Kubernagar",,23.061043,72.629647,library
160,"MakrantBhai desai Library,Bodakdev",,23.039651,72.520181,library
161,Kanaiya lal Maneklal Munsi Library,,23.008615,72.625849,library
162,Saijpur Library,,23.058453,72.637009,library
163,Sola Library,,23.056684,72.53992,library
164,Thakkarbapanagar Library,,23.051071000000004,72.64664500000002,library
165,"Chandrakant Library,Vijay Nagar",,23.062249,72.557276,library
166,"Kavi shree Rajendra shah Library,Himmat lal park",,23.027245,72.535835,library
167,"sureshBhai Ramkumar Joshi Library,Sarspur",,23.032047,72.61129300000002,library
168,"Reading room,Amaraywadi",,23.007979,72.627539,library
