objectid,facilityname,facilitytype,landline,address,street,landmark,locality,subdistrict,district,state,posatalcode,country,geometry,index_right,ward_lgd_code,ward_lgd_name,sourcewardname,sourcewardcode
11444,Trent,Sub Centre,,Sub Centre Trent,,,Ta. Mandal,Mandal,Ahmadabad,Gujarat,382130,India,POINT (72.00975895035597 23.22036620021045),,,,,
11656,Manipura,Primary Health Centre,02715-252211,Primary Health Centre MANIPURA,,,Ta. Viramgam,Viramgam,Ahmadabad,Gujarat,382150,India,POINT (72.15116999965043 23.193689999944258),,,,,
11660,Nadiyana,Sub Centre,,Sub Centre NADIYANA,Thakorvas Nadiyana,,Ta. Viramgam,Viramgam,Ahmadabad,Gujarat,382150,India,POINT (72.10275400024553 23.18818899977601),,,,,
11692,Ukhalod,Sub Centre,,Sub Centre UKHALOD,Bhdana road,,Ta. Viramgam,Viramgam,Ahmadabad,Gujarat,382150,India,POINT (72.04138200014637 23.218095999643378),,,,,
11701,Dhakdi,Sub Centre,,Sub Centre DHAKDI,,,Ta. Viramgam,Viramgam,Ahmadabad,Gujarat,382150,India,POINT (71.98177800040907 23.181766999654386),,,,,
12037,Bavla-1,Sub Centre,,Sub Centre Bavla 1,Chc Campus,Bavla Cross Road,Ta. Bavla,Bavla,Ahmadabad,Gujarat,382220,India,POINT (72.36378109974925 22.829792699688785),,,,,
12041,Nanodara,Sub Centre,,Sub Centre Nanodara,Phc Building,Near Pond,Ta. Bavla,Bavla,Ahmadabad,Gujarat,382220,India,POINT (72.20571899962091 22.829161999677478),,,,,
12044,Devadthal,Sub Centre,,Sub Centre Devadthal,Anganwadi Center,Near Primary School,Ta. Bavla,Bavla,Ahmadabad,Gujarat,382230,India,POINT (72.12397400029374 22.76373299963061),,,,,
12045,Rupal,Sub Centre,,Sub Center Rupal,Indira Nagar,Nr Hajipir Dargah,Ta. Bavla,Bavla,Ahmadabad,Gujarat,382220,India,POINT (72.36371599973893 22.80042699992279),,,,,
12055,Dholka,Sub Centre,9099064477,Sub Centre Dholka,,Near Bus Station Bholad,Ta. Dholka,Dholka,Ahmadabad,Gujarat,382225,India,POINT (72.44356700010424 22.742843000108245),,,,,
12058,Ambalyara,Primary Health Centre,9099064453,Primary Health Center AMBALIYARA,,Bus Stop Ambaliyara,TA. Dholka,Dholka,Ahmadabad,Gujarat,382225,India,POINT (72.50051649973653 22.7686940999143),,,,,
12062,Chiyada,Sub Centre,,Sub Centre Chiyada,Nr. Ramdev Temple,,Ta. Bavla,Bavla,Ahmadabad,Gujarat,382220,India,POINT (72.35257199978744 22.75629499991854),,,,,
12065,Adroda,Sub Centre,,Sub Centre Adroda,"Bavla, Nanodara Road",Nr. Water Tank,Ta. Bavla,Bavla,Ahmadabad,Gujarat,382220,India,POINT (72.30151210039789 22.818828699739715),,,,,
12079,Badarkha-2,Sub Centre,9099064470,Subcentre Badarkha -2,Moto Dodvaas,Badarkha Kanya Kumar School,TA. Dholka,Dholka,Ahmadabad,Gujarat,382225,India,POINT (72.45083000044889 22.840458000213182),,,,,
12089,Mandal-3,Sub Centre,,Sub Centre Mandal 3,,near CHC Mandal,,Mandal,Ahmadabad,Gujarat,382130,India,POINT (71.91815699972419 23.288035000142646),,,,,
12103,Dekavada,Sub Centre,02715-242300,Sub Centre Dekavada,,,Ta. Detroj-Rampura,Detroj Rampura,Ahmadabad,Gujarat,387212,India,POINT (72.15940474985871 23.35454897011657),,,,,
12105,Solgam,Sub Centre,,"Subcenter, Solgam",,Near Panchayat,,Mandal,Ahmadabad,Gujarat,382130,India,POINT (72.02101349968126 23.323577539917764),,,,,
12107,Detroj,Sub Centre,02715-255355,Sub Centre Detroj,,,Ta. Detroj-Rampura,Detroj Rampura,Ahmadabad,Gujarat,382120,India,POINT (72.18834879979141 23.33439039994697),,,,,
12109,Rampura,Sub Centre,02715-254034,Sub Centre Rampura,,,Ta. Detroj-Rampura,Detroj Rampura,Ahmadabad,Gujarat,382140,India,POINT (72.18430000027938 23.339973999993052),,,,,
12124,Andala,Sub Centre,,Sub Centre Andala,Thakorvas,,Ta. Mandal,Mandal,Ahmadabad,Gujarat,382130,India,POINT (72.04832910971804 23.28207396023506),,,,,
12125,Ribadi,Sub Centre,,"Subcenter, Ribdi",Patelvas,,Ta. Mandal,Mandal,Ahmadabad,Gujarat,382130,India,POINT (72.01461600006171 23.29225399984448),,,,,
12400,Vanch,Sub Centre,,Sub Centre Vanch,Bibipura,Nr. Panchayat,Ta. Daskroi,Daskroi,Ahmadabad,Gujarat,382435,India,POINT (72.68976449979363 22.942592100356848),,,,,
12404,Aslali,Primary Health Centre,9099064117,Primary Health Centre Aslali,Nr. Aslali Panchayat,Swaminarayan Temple,Ta. Daskroi,Daskroi,Ahmadabad,Gujarat,382427,India,POINT (72.59441899987833 22.912454000383963),,,,,
12405,Changodar,Sub Centre,,SubCentre Changodar,,,Ta. Sanand,Sanand,Ahmadabad,Gujarat,382210,India,POINT (72.4406086996516 22.918115100163657),,,,,
12411,Paldi-kankaj,Sub Centre,9099064130,Sub Centre Paldi-Kankaj,Pladi Kankaj Panchyat,Nakalang Mahadev Temple,Ta. Daskroi,Daskroi,Ahmadabad,Gujarat,382425,India,POINT (72.52196860019964 22.899168599892082),,,,,
12413,Vislapur,Sub Centre,9099064172,Sub Centre VISALPUR,,Behind School,Ta. Daskroi,Daskroi,Ahmadabad,Gujarat,382210,India,POINT (72.48498609991455 22.926024600243633),,,,,
12415,Shahpur,Sub Centre,,Sub Centre SHAHPUR,,,Ta. Viramgam,Viramgam,Ahmadabad,Gujarat,382150,India,POINT (72.01820799996354 22.879513000315583),,,,,
12416,Bavla,Community Health Centre,2714232557,Bavla CROSS ROAD,Opp. Pravin Petrol Pump,Bavla Cross Road,"Bavla, Ahmedabad",Bavla,Ahmadabad,Gujarat,382220,India,POINT (72.21918999997598 22.853799999659838),,,,,
12419,Jetalpur,Sub Centre,,Sub Centre Jetalpur,near NSIT College,Jetalpur Chosar Road,Ta. Daskroi,Daskroi,Ahmadabad,Gujarat,382427,India,POINT (72.60289800021576 22.88773899973252),,,,,
12420,Bareja-2,Sub Centre,,Sabcentre Bareja-2,Near Prakash high School,Opp Bus STAND Bareja,Ta. Daskroi,Daskroi,Ahmadabad,Gujarat,382425,India,POINT (72.59179649956036 22.854508599913835),,,,,
12426,Kavitha,Sub Centre,,Sub Centre Kavitha,Nr. Panchayat Office,Opp Bapa Sitaram Temple,Ta. Bavla,Dholka,Ahmadabad,Gujarat,382260,India,POINT (72.43632899987391 22.84385900033145),,,,,
12428,Kamijala,Sub Centre,,Sub Centre KAMIJLA,,Near Panchayat Office,Ta. Viramgam,Viramgam,Ahmadabad,Gujarat,382150,India,POINT (72.01718619956551 22.93557519994237),,,,,
12429,Chacharvadi Vasna,Sub Centre,,SubCentre Chacharvadi Vasna,,,Ta Sanand,Daskroi,Ahmadabad,Gujarat,382210,India,POINT (72.46034729964286 22.875499299810475),,,,,
12436,Daran,Sub Centre,,Subcenter Daran,,,Ta. Sanand,Sanand,Ahmadabad,Gujarat,382220,India,POINT (72.34918199955197 22.86971200018705),,,,,
12437,Barejadi,Sub Centre,,Sub Centre Barejadi,Barejadi Nr. Anganwadi,Barejadi School,Ta. Daskroi,Daskroi,Ahmadabad,Gujarat,382435,India,POINT (72.67867960000468 22.89453100005664),,,,,
12439,Rajoda,Sub Centre,,Sub Center Rajoda,Nr. Aadarsh Primary School,Nr. Visat Mata Temple,Ta. Bavla,Bavla,Ahmadabad,Gujarat,382220,India,POINT (72.38390399991737 22.85036099968293),,,,,
12440,Ghoda,Sub Centre,,Sub Centre Ghoda,,,Ta. Viramgam,Viramgam,Ahmadabad,Gujarat,382150,India,POINT (72.0692689997893 22.947075000394257),,,,,
12443,Gujala,Sub Centre,02715-242300,Sub Centre Gujala,,,Ta. Detroj-Rampura,Detroj Rampura,Ahmadabad,Gujarat,382120,India,POINT (72.13073730018519 23.419148019830196),,,,,
12444,Vithalapur,Sub Centre,,Sub Centre Vithalapur,,Near bank of baroda,,Mandal,Ahmadabad,Gujarat,382120,India,POINT (72.0540690003288 23.36421099964792),,,,,
12449,Odhav,Sub Centre,02715-242300,Sub Centre Odhav,,,Ta. Detroj-Rampura,Detroj Rampura,Ahmadabad,Gujarat,382120,India,POINT (72.1321105996758 23.40654580015468),,,,,
12463,Balsasan,Sub Centre,02715-242300,Sub Centre Balsasan,,,Ta. Detroj-Rampura,Detroj Rampura,Ahmadabad,Gujarat,382120,India,POINT (72.27634879988294 23.41562779972689),,,,,
12477,Zanzarva,Sub Centre,,Sub Centre ZANZARAVA,,Near Primary School Zanzarava,Ta -Mandal,Mandal,Ahmadabad,Gujarat,382130,India,POINT (72.05805500041593 23.417829999902853),,,,,
12483,Vithalapur,Primary Health Centre,(02715)240120,Primary Health Centre Vithalpur,,Near taluka panchayat,Ta. Mandal,Mandal,Ahmadabad,Gujarat,382120,India,POINT (72.0540690003288 23.367184999649858),,,,,
12506,Motiboru,Sub Centre,9099064477,SubCenter Motiboru,,Near Panchayat Building Motiboru,Ta. Dholka,Dholka,Ahmadabad,Gujarat,382230,India,POINT (72.3414730000418 22.46506900032562),,,,,
12512,Adval,Sub Centre,,Sub Center Adval,Main Bajar,Nr Bsnl Tower,Ta. Dhandhuka,Dhandhuka,Ahmadabad,Gujarat,382460,India,POINT (71.99999999985899 22.43737299986186),,,,,
12530,Govt.Hosp.Dhandhuka,Post Partum Unit,02713-222543,Govt. Hospital Dhandhuka,Ahmedabad-Bhavnagar Highway,,Ta. Dhandhuka,Dhandhuka,Ahmadabad,Gujarat,382460,India,POINT (71.97638459988485 22.38449920034703),,,,,
12538,Ambli,Sub Centre,,Subcenter Ambli,,Near Lake,Ta. Dhandhuka,Dholera,Ahmadabad,Gujarat,382455,India,POINT (72.23281145017481 22.32836288979237),,,,,
12555,Khadol,Sub Centre,9099064536,Sub Center khadol,Nr. Bus Stand,,Ta. Dhandhuka,Dhandhuka,Ahmadabad,Gujarat,382460,India,POINT (72.04486370040605 22.40483922958992),,,,,
12556,Bholad,Sub Centre,9099064477,Subcenter Bholad,,Near Bus Station Bholad,TA. Dholka,Dholka,Ahmadabad,Gujarat,382225,India,POINT (72.27338800031723 22.454522999947724),,,,,
23751,Hirapura,Sub Centre,,Sub Centre HIRAPURA,Main Road Hirapura,Near Anganvadi Cantre,,Viramgam,Ahmadabad,Gujarat,382150,India,POINT (72.15036299991155 23.148877000016537),,,,,
23755,Hansalpur(She),Sub Centre,,Sub Centre HANSALPUR,Main Road Karakthal,Nr. THAKORVAS,Ta. Viramgam,Viramgam,Ahmadabad,Gujarat,382150,India,POINT (72.0656719998646 23.091621999783484),,,,,
23766,Bhojva,Sub Centre,,Sub Centre BHOJVA,,Nr. RAMJIL MADIR BHOJVA,Ta. Viramgam,Viramgam,Ahmadabad,Gujarat,382150,India,POINT (72.02681500034748 23.152167000034225),,,,,
23769,Pardhol,Sub Centre,,Sub Centre pardhol,,Opp. Gram Panchayat,Ta. Daskroi,Daskroi,Ahmadabad,Gujarat,382330,India,POINT (72.72465719982593 23.09537410017609),,,,,
23777,Jakhavada,Sub Centre,,Sub Centre JAKHAVADA,"Bharavadvas, Main Road",,,Viramgam,Ahmadabad,Gujarat,382150,India,POINT (72.13661100024743 23.086046000357282),,,,,
23851,Kanbha,Primary Health Centre,2718286311,Praimary Health Centre Kanbha,,Nr Adc Bank,Ta. Daskroi,Daskroi,Ahmadabad,Gujarat,382430,India,POINT (72.72597179980262 23.012195899739844),,,,,
23858,Kuha,Primary Health Centre,02718-252229,Primary Health Centre Kuha,,Nr Shantaben Somabhai Patel High School,Ta. Daskroi,Daskroi,Ahmadabad,Gujarat,382433,India,POINT (72.7968932003924 22.99993870008221),,,,,
23860,Kathwada-2,Sub Centre,,Sub  Centre Kathvada-2,Nr. Anganwadi,Nr. kathvada School,Ta. Daskroi,Daskroi,Ahmadabad,Gujarat,382330,India,POINT (72.69198100023073 23.04728400028489),,,,,
23861,Karkathal,Sub Centre,,Sub Centre KARAKTHAL,"Main Road ,Bas Stop Karakthal",,Ta. Viramgam,Viramgam,Ahmadabad,Gujarat,382150,India,POINT (72.11181699984073 23.053244999981704),,,,,
23865,Singarwa-2,Sub Centre,,Sub Centre Singarva-2,,,Ta. Daskroi,Daskroi,Ahmadabad,Gujarat,382330,India,POINT (72.69002100024828 23.024351999820144),,,,,
23868,Hirapur,Sub Centre,,SubCentre Hirapur,,,Ta. Sanand,Sanand,Ahmadabad,Gujarat,382110,India,POINT (72.26383500027723 22.957430000329698),,,,,
23869,Gatrad,Sub Centre,,Sc Gatrad,,Nr. Govt. Milk Dairy,Ta. Daskroi,Daskroi,Ahmadabad,Gujarat,382430,India,POINT (72.70397809966481 22.977564999785375),,,,,
23871,Vansava,Sub Centre,,Sub Centre VANSAVA,,Near Panchayat Office,Ta. Viramgam,Viramgam,Ahmadabad,Gujarat,382150,India,POINT (72.10619999965915 22.9730469996705),,,,,
23873,Chaloda-1,Sub Centre,9099064467,Subcentre Chaloda -1,,NEAR BUS STATION Chaloda,Ta. Dholka,Sabarmati,Ahmadabad,Gujarat,382225,India,POINT (72.51604600034491 22.974167999672467),17.0,1302534.0,"Maktampura, Ahmedabad (M.Corp.) Ward No. 34",Maktampura,34
23874,Ranodra,Sub Centre,02718-252229,Sub Centre RANODRA,,,Ta. Daskroi,Daskroi,Ahmadabad,Gujarat,382433,India,POINT (72.79837049964007 22.955425400333706),,,,,
23876,Zanu,Sub Centre,,Sub Centre ZANU,,Nr Water Tank,Ta. Daskroi,Daskroi,Ahmadabad,Gujarat,382430,India,POINT (72.74222639984711 23.044271399664847),,,,,
23877,Ogan,Sub Centre,,Sub Centre OGAN,Bhdana  road,,Ta. Viramgam,Viramgam,Ahmadabad,Gujarat,382150,India,POINT (72.17051400028008 23.027860999604727),,,,,
23885,Ghuma,Sub Centre,,Sub Centre GHUMA,,Opp. AUDA Talav,Ta. Daskroi,Daskroi,Ahmadabad,Gujarat,380058,India,POINT (72.45096400034322 23.027235999731833),,,,,
23886,Bakrol,Sub Centre,,Sub Centre BAKROL,,Nr Adc Bank,Ta. Daskroi,Daskroi,Ahmadabad,Gujarat,382430,India,POINT (72.73853230012502 22.982622200206254),,,,,
37797,Trasand,Sub Centre,9099064488,Sub Centre Transad,,Nr.Prathmik Shada Transad,Ta. Dholka,Dholka,Ahmadabad,Gujarat,382225,India,POINT (72.45392299968512 22.67922899990137),,,,,
37798,Transad,Primary Health Centre,9099064488,Primary Health Centre Trasand,,Nr.Prathmik Shada Transad,Ta. Dholka,Dholka,Ahmadabad,Gujarat,382225,India,POINT (72.45392269964783 22.67922910019291),,,,,
37799,Simej,Primary Health Centre,9099064475,Sub Centre Simej,,,Ta. Dholka,Dholka,Ahmadabad,Gujarat,382225,India,POINT (72.4073208003485 22.612805899901794),,,,,
37800,Gangad,Sub Centre,,Sub Centre Gangad,Phc Building,,Ta. Bavla,Bavla,Ahmadabad,Gujarat,382240,India,POINT (72.27723399976391 22.677777000336977),,,,,
37804,Kauka,Sub Centre,9099064473,Sub Centre Kauka,,,TA. Dholka,Dholka,Ahmadabad,Gujarat,382225,India,POINT (72.44652610005745 22.60785569997777),,,,,
37805,Mithapur,Sub Centre,,Sub Centre Mithapur,Nr. Primary School,,Ta. Bavla,Bavla,Ahmadabad,Gujarat,382230,India,POINT (72.12057499983744 22.614772000342057),,,,,
37816,Gundi,Sub Centre,9099064487,Subcentre Gundi,,Nr. Railway Station,,Dholka,Ahmadabad,Gujarat,382230,India,POINT (72.22373500010484 22.553712000129707),,,,,
37818,Javaraj,Sub Centre,9099064487,Subcentre Javaraj,,Nr.Javarat Gram Panchatat,,Dholka,Ahmadabad,Gujarat,382230,India,POINT (72.2673900003691 22.564913000298457),,,,,
37826,Sarandi,Sub Centre,9099064486,Sub Centre SARANDI,,,Ta. Dholka,Dholka,Ahmadabad,Gujarat,382225,India,POINT (72.36660004006028 22.68058899034006),,,,,
37827,Ambareli,Sub Centre,9099064492,Sub Centre Ambareli,,,TA. Dholka,Dholka,Ahmadabad,Gujarat,382225,India,POINT (72.4133333000036 22.649964399998414),,,,,
37830,Shiyal,Primary Health Centre,,Primary Health Centre Shiyal,"Nr. Dairy, Kanotar Road",,Ta. Bavla,Bavla,Ahmadabad,Gujarat,382230,India,POINT (72.15790300026566 22.68591399979469),,,,,
44292,Harniyav,Sub Centre,,Sub Centre Harniyav,Nr. Anganwadi,Harniyav School,Ta. Daskroi,Daskroi,Ahmadabad,Gujarat,382435,India,POINT (72.73483809979165 22.920971199619586),,,,,
44293,Nandej,Primary Health Centre,,Primary Health Centre Nandej,,Nr. railway station,Ta. Daskroi,Daskroi,Ahmadabad,Gujarat,382435,India,POINT (72.69493730013518 22.90066960032705),,,,,
44299,Girmatha,Sub Centre,,Sub Centre Giramtha,Opp Giramtha Lake,Nr. Giramtha Bus stand,Ta. Daskroi,Daskroi,Ahmadabad,Gujarat,382425,India,POINT (72.56188939994757 22.882873299903192),,,,,
44301,Gamdi,Sub Centre,,Sub Centre Gamdi,,opp Gmadi Gram panchayat,Ta. Daskroi,Sabarmati,Ahmadabad,Gujarat,383435,India,POINT (72.62617100013286 22.925444100332836),32.0,1302547.0,"Vatava, Ahmedabad (M.Corp.) Ward No. 47",Vatva,47
44302,Saroda,Sub Centre,9099064553,Sub Center Saroda,,,Ta. Dholka,Dholka,Ahmadabad,Gujarat,332260,India,POINT (72.48868389979725 22.824950500342432),,,,,
44313,Kumarkhan,Sub Centre,,Sub Centre KUMARKHAN,"Nalsarovar Road,Kumarkhan",,Ta. Viramgam,Viramgam,Ahmadabad,Gujarat,382150,India,POINT (72.02095399976844 22.905912999914428),,,,,
44314,Aud,Sub Centre,9099064128,Sub Centre Aud,Nr. Gram Panchayat,Aud Anganwadi,Ta. Daskroi,Daskroi,Ahmadabad,Gujarat,382427,India,POINT (72.5472360801347 22.91385152015497),,,,,
44324,Fangdi,Sub Centre,,Sub Centre Fangadi,,,Ta. Sanand,Sanand,Ahmadabad,Gujarat,382210,India,POINT (72.32714899991711 22.92098200032812),,,,,
44326,Devadi,Sub Centre,,Sub Centre Devdi,Devdi Anganwadi,Nr. School Devdi,Ta. Daskroi,Daskroi,Ahmadabad,Gujarat,382435,India,POINT (72.65650839995327 22.90501610006974),,,,,
44332,Miroli,Sub Centre,9099064129,Sub Centre Miroli,Nr. Gram Panchayat,Anganwadi,Ta. Daskroi,Daskroi,Ahmadabad,Gujarat,382425,India,POINT (72.52083610040916 22.87251089961801),,,,,
44333,Asalgam,Sub Centre,,Sub Centre ASALGAM,,,Ta. Viramgam,Viramgam,Ahmadabad,Gujarat,382150,India,POINT (72.1005130000557 22.89796400015781),,,,,
44334,Mankol,Sub Centre,,hsc Mankol,,,Mankol,Sanand,Ahmadabad,Gujarat,854301,India,POINT (72.26598699988027 22.895321000182015),,,,,
44335,Kumarkhan,Primary Health Centre,,Primary Health Centre KUMARKHAN,"Nalsarovar Road, Kumarkhan",,Ta. Viramgam,Viramgam,Ahmadabad,Gujarat,382150,India,POINT (72.02024800031188 22.907493999923044),,,,,
44345,Koth,Primary Health Centre,2714242225,Primary Health Centre Koth,Pagivas,,Ta. Dholka,Dholka,Ahmadabad,Gujarat,382240,India,POINT (72.30003200020315 22.635944999620396),,,,,
44350,Rupghath,Urban Health Centre,9099064483,Sub Centre RUPGHATH,,,Ta. Dholka,Dholka,Ahmadabad,Gujarat,382225,India,POINT (72.33703280006894 22.61567230020059),,,,,
44351,Valthera,Sub Centre,9099064508,Subcentre Valthera,Panchayat Office Area,Grampanchayat Valthera,Ta. Dholka,Dholka,Ahmadabad,Gujarat,387810,India,POINT (72.33703300039322 22.684744000215204),,,,,
44358,Saij,Sub Centre,9099064491,Sub Centre Saij,Nr.Angadvadi Rupgadh,Nr.Prathmik Shada Rupgadh,Ta. Dholka,Dholka,Ahmadabad,Gujarat,382225,India,POINT (72.50273499982343 22.691911999660867),,,,,
44360,Pisavada,Sub Centre,9099064489,Sub Centre Pisavada,,Nr.Bank Of Baroda,Ta. Dholka,Dholka,Ahmadabad,Gujarat,382225,India,POINT (72.47658399985698 22.644848099810133),,,,,
44370,Ganol,Primary Health Centre,9099064784,Primary Health Centre Ganol,,,Ta. Dholka,Dholka,Ahmadabad,Gujarat,382265,India,POINT (72.41989669959149 22.578952900192924),,,,,
44379,Vataman,Primary Health Centre,2714272289,Primary health Center Vataman,,Near Shanti Para Vataman,Ta. Dholka,Dholka,Ahmadabad,Gujarat,382265,India,POINT (72.41545799980518 22.52807100001532),,,,,
44385,Vautha,Sub Centre,9099064490,Sub Centre Vautha,,Nr. Bus Stop,Ta. Dholka,Dholka,Ahmadabad,Gujarat,382225,India,POINT (72.53785999969666 22.660205999729463),,,,,
44537,Hirapur,Sub Centre,,Sub Centre Hirapur,Hirapur School,Nr. Hirapur Anganwadi,Ta. Daskroi,Daskroi,Ahmadabad,Gujarat,382435,India,POINT (72.7119328997963 22.92201789961587),,,,,
44545,Dhamatvan,Sub Centre,,Sub Centre DHAMATVAN,,Nr Bus Stand,Ta. Daskroi,Daskroi,Ahmadabad,Gujarat,382430,India,POINT (72.71659379966478 22.954132899605746),,,,,
44560,Vahelal,Primary Health Centre,2718247004,Parimary Health Centre Vahelal,,Opp. Panchayat,Vahelal,Daskroi,Ahmadabad,Gujarat,382330,India,POINT (72.76294469979226 23.07578366012426),,,,,
45714,Gujar,Sub Centre,2713229240,Sub Center Gunjar,,Opp.Primary School,Ta. Dhandhuka,Dhandhuka,Ahmadabad,Gujarat,382460,India,POINT (71.98293400012739 22.381105000130187),,,,,
45719,Kasindra,Sub Centre,,Sub Centre KASINDRA,At Kasindra Panchayat,,Ta. Daskroi,Dholera,Ahmadabad,Gujarat,382210,India,POINT (72.16901000040721 22.328373000096768),,,,,
45726,Bagodara,Sub Centre,,Sub Centre Bagodara,Bagodara Highway,B/H Satyavijay Hotel,Ta. Bavla,Bavla,Ahmadabad,Gujarat,382230,India,POINT (72.20182019989676 22.64045229980076),,,,,
45728,Bajarada,Sub Centre,,Sub Center Bajarada,Nr Bsnl Exchange,Nr. bus stop,Ta. Dhandhuka,Dhandhuka,Ahmadabad,Gujarat,382460,India,POINT (71.97760462971999 22.49277268010627),,,,,
45733,Gamph,Sub Centre,,Subcenter Gamph,Near Temple Of Momai Ma,,Ta. Dhandhuka,Dholera,Ahmadabad,Gujarat,382465,India,POINT (72.16652869998059 22.358371070289817),,,,,
45735,Loliya,Sub Centre,9099064487,Subcentre Loliya,Rajputfali,Nr.Rajpuratana,Ta. Dholka,Dholka,Ahmadabad,Gujarat,382465,India,POINT (72.16975000019895 22.50607400003903),,,,,
45739,Dhandhuka-1,Sub Centre,,Sub Centre Dhandhuka 1,Padana Road,,Ta. Dhandhuka,Dhandhuka,Ahmadabad,Gujarat,382460,India,POINT (71.98070526014456 22.38007930967799),,,,,
45746,Bagodara,Community Health Centre,2714269324,Village Bagodara,Bavla Bagodara Highway,Tarapur Cross Road,"Bagodara,Bavla, Ahmedabad",Bavla,Ahmadabad,Gujarat,382230,India,POINT (72.20084827037003 22.64068876018467),,,,,
45889,Dalod,Sub Centre,,Subcentre Dalod,,Near Bus Stand,Ta -Mandal,Mandal,Ahmadabad,Gujarat,382130,India,POINT (71.97059900029747 23.358862999659493),,,,,
45909,Katosan Road,Sub Centre,,Primary Health Centre Katosan Road,Main Bazar,,Ta. Detroj-Rampura,Detroj Rampura,Ahmadabad,Gujarat,382145,India,POINT (72.24197387979724 23.38228315967246),,,,,
45913,Bantai,Sub Centre,,Sub center building,,Near Bus Stand,Bantai,Detroj Rampura,Ahmadabad,Gujarat,382120,India,POINT (72.18011599982556 23.41156699974065),,,,,
45918,Jalisana,Sub Centre,,Jalisana Sub Centre,Near  Primary School Jalisana,,Ta. Mandal,Mandal,Ahmadabad,Gujarat,382130,India,POINT (72.00592400018725 23.420262000136),,,,,
45919,Nadishala,Sub Centre,02715-242300,Sub Centre Nadishala,,,Ta. Detroj-Rampura,Detroj Rampura,Ahmadabad,Gujarat,382120,India,POINT (72.1636962903302 23.392681979724895),,,,,
45921,Madrisana,Sub Centre,,Sub Centre Madrisana,Nr. Vat. center,,Ta. Detroj-Rampura,Detroj Rampura,Ahmadabad,Gujarat,382145,India,POINT (72.21897125032282 23.388585569646057),,,,,
45928,Bhoyani,Sub Centre,,Sub center Bhoyani,Patel Vas,,Ta. Detroj-Rampura,Detroj Rampura,Ahmadabad,Gujarat,382120,India,POINT (72.24042892034069 23.3662106402125),,,,,
45929,Vanparadi,Sub Centre,,Sub Centre Vanpardi,,Near primary school,,Mandal,Ahmadabad,Gujarat,382130,India,POINT (71.96595799990915 23.37810800001357),,,,,
45930,Vinzuwada,Sub Centre,,Sub Centre Vinzuwada,,Near gov. ayurvedik Hos.,,Mandal,Ahmadabad,Gujarat,382130,India,POINT (71.92642299962631 23.360818000284162),,,,,
45937,Rudatal,Sub Centre,02715-242300,Sub Centre Rudatal,,,Ta. Detroj-Rampura,Detroj Rampura,Ahmadabad,Gujarat,382120,India,POINT (72.16234600028727 23.409482999633077),,,,,
45938,Sunvala,Sub Centre,,Sub center Sunvala,Mainroad,,Ta. Detroj-Rampura,Detroj Rampura,Ahmadabad,Gujarat,382145,India,POINT (72.24472045991384 23.419148019830196),,,,,
45995,Kanj,Sub Centre,02715-254034,Sub Centre Kanj,,,Ta. Detroj-Rampura,Detroj Rampura,Ahmadabad,Gujarat,382120,India,POINT (72.159383999674 23.297047999669992),,,,,
46006,Mandal-2,Sub Centre,,Sub Centre Mandal 2,,near CHC Mandal,,Mandal,Ahmadabad,Gujarat,382130,India,POINT (71.91579699970866 23.288773999773404),,,,,
46017,Ashoknagar,Sub Centre,2715255355,Sub Centre Ashoknagar,,,Ta. Detroj-Rampura,Detroj Rampura,Ahmadabad,Gujarat,382120,India,POINT (72.09940300036811 23.25051100011907),,,,,
46026,Bhankoda,Sub Centre,02715-242300,Sub Centre Bhankoda,,,Ta. Detroj-Rampura,Detroj Rampura,Ahmadabad,Gujarat,382140,India,POINT (72.11614608989107 23.277008299641114),,,,,
46032,Mandal-1,Sub Centre,,Sub Centre Mandal 1,,near CHC Mandal,Ta. Mandal,Mandal,Ahmadabad,Gujarat,382130,India,POINT (71.91812599976205 23.291392000144903),,,,,
46037,Panar,Sub Centre,02715-254034,Sub Centre PANAR,,,Ta. Detroj-Rampura,Detroj Rampura,Ahmadabad,Gujarat,382120,India,POINT (72.15030669979772 23.23850691021974),,,,,
52789,Juval,Sub Centre,,Subcenter Juval,,,Ta. Sanand,Bavla,Ahmadabad,Gujarat,382110,India,POINT (72.41298920033401 22.788727100181504),,,,,
52867,Ranoda,Sub Centre,9099064465,Sub Center Ranoda,Near School,Beside Panchayat Office,Ta. Dholka,Dholka,Ahmadabad,Gujarat,382225,India,POINT (72.4287734002749 22.767082899881686),,,,,
52871,Dharji/Durgi,Sub Centre,,Sub Centre Dharji,Nr. Primary School,,Ta. Bavla,Bavla,Ahmadabad,Gujarat,382230,India,POINT (72.10014300015983 22.78422800003563),,,,,
52872,Chaloda,Primary Health Centre,253344,Primary Health Centre Chaloda,,Chaloda Bus Stand,Ta. Dholka,Dholka,Ahmadabad,Gujarat,382225,India,POINT (72.44891999979686 22.80097000037313),,,,,
52875,Kerala,Sub Centre,,Sub Centre Kerala,Nr. Water Tank,Opp. Pond,"Village Kerala, Bavla, Ahmedabad",Bavla,Ahmadabad,Gujarat,382220,India,POINT (72.33371000010494 22.772921000340858),,,,,
52880,Chandisar,Sub Centre,9099064478,Sub Center Chandisar,,Near Mahadev Temple,Ta. Dholka,Dholka,Ahmadabad,Gujarat,382260,India,POINT (72.48643749983427 22.79669809984432),,,,,
52884,Vekariya,Sub Centre,,Sub Centre VEKARIYA,,Near Panchayat Office,Ta. Viramgam,Viramgam,Ahmadabad,Gujarat,382150,India,POINT (72.06392199994444 22.819880000067073),,,,,
52886,Salajda,Sub Centre,,Sub Centre Salajda,Nr. Primary School,Nr.Water Tank,Ta. Bavla,Bavla,Ahmadabad,Gujarat,382220,India,POINT (72.38448700024855 22.793147999824953),,,,,
52888,Keliyavasna,Sub Centre,9099064471,Sub Centre keliyavasna,,NEAR BUS STATION Keliyavasna,TA. Dholka,Dholka,Ahmadabad,Gujarat,382225,India,POINT (72.45540200034193 22.778726999790297),,,,,
52889,Dehgamda,Sub Centre,,SUb Centre Dehgamda,Bus Station Road,,Ta. Bavla,Bavla,Ahmadabad,Gujarat,382220,India,POINT (72.25490900005103 22.766977000322928),,,,,
52904,Kesardi,Sub Centre,,Sub Centre Keshardi,Nr. Anganwadi Center,,Ta. Bavla,Bavla,Ahmadabad,Gujarat,382240,India,POINT (72.22123699999705 22.736004999641402),,,,,
52905,Bhayla,Sub Centre,,Sub Centre Bhayla,Nr. Water Tank,Opp. Primary School,Ta. Bavla,Bavla,Ahmadabad,Gujarat,382220,India,POINT (72.31483300035379 22.758482999779808),,,,,
52919,Sathal,Sub Centre,,Sub Center Sathal,,Near Water Tank,Ta. Dholka,Dholka,Ahmadabad,Gujarat,382225,India,POINT (72.51456699968813 22.72779719971992),,,,,
52923,Kalyangadh,Sub Centre,,Sub Centre Kalyangadh,Nr. Co Operative Society,,Ta. Bavla,Bavla,Ahmadabad,Gujarat,382240,India,POINT (72.27297599969023 22.716870999755358),,,,,
53417,Sitapur,Primary Health Centre,02715 259203,Primary Health Centre Sitapur,,Near Bus Stand Sitapur,Ta. Mandal,Mandal,Ahmadabad,Gujarat,382130,India,POINT (71.99376799955918 23.454806999752545),,,,,
54531,Viramgam-2,Sub Centre,,Sub Centre Viramgam,Boradibajar road Viramgam,,Ta. Viramgam,Viramgam,Ahmadabad,Gujarat,382150,India,POINT (72.05190699978168 23.121522000003893),,,,,
54536,Viramgam-1,Sub Centre,,Sub Centre Viramgam 1,Boradibajar Road Viramgam,,,Viramgam,Ahmadabad,Gujarat,382150,India,POINT (72.04988099967697 23.121213999960997),,,,,
54544,Goraiya,Primary Health Centre,2715246700,Primary Health Centre GORAIYA,,"Near Panchayat Office,Goraiya",Ta. Viramgam,Viramgam,Ahmadabad,Gujarat,382150,India,POINT (71.92801600008593 23.1326979998108),,,,,
54549,Sokli,Sub Centre,,Sub Centre SOKLI,,,Ta. Viramgam,Viramgam,Ahmadabad,Gujarat,382150,India,POINT (72.11004400035436 23.09719399989186),,,,,
54554,Andej,Sub Centre,,Subcenter Andej,,,Ta. sanand,Sanand,Ahmadabad,Gujarat,382115,India,POINT (72.32638800020902 23.092264000109573),,,,,
54556,Chekhla,Sub Centre,01717-272226,Sub Centre Chekhla,,,Ta. Sanand,Sanand,Ahmadabad,Gujarat,382115,India,POINT (72.36269499973982 23.073633000113638),,,,,
54565,Viramgam,Urban Health Centre,2715233234,Urban Health Centre Viramgam,Boradibajar Road Viramgam,,Ta. Viramgam,Viramgam,Ahmadabad,Gujarat,382150,India,POINT (72.05274209972094 23.123637700200746),,,,,
54569,Viramgam,Community Health Centre,2715233225,Community Health Centre VIRAMGAM,"Mandalroad, Viramgam",,Ta. Viramgam,Viramgam,Ahmadabad,Gujarat,382150,India,POINT (72.04423199970837 23.129183999900274),,,,,
54573,Goraiya,Sub Centre,,Sub Centre GORAIYA,,-,Ta. Viramgam,Viramgam,Ahmadabad,Gujarat,382150,India,POINT (71.92747100028788 23.133028000258527),,,,,
54574,Vahelal,Sub Centre,2718247004,Sub Centre vahelal,,Opp. Panchayat,Ta. Daskroi,Daskroi,Ahmadabad,Gujarat,382330,India,POINT (72.75848000006665 23.07922959963797),,,,,
54585,Khodiyar,Sub Centre,,Sub Centre KHODIYAR,,,Ta. Daskroi,Daskroi,Ahmadabad,Gujarat,382421,India,POINT (72.53527160032522 23.141900999841095),,,,,
54586,Bhat,Sub Centre,,Sub Centre BHAT,,,Ta. Daskroi,Sabarmati,Ahmadabad,Gujarat,382210,India,POINT (72.61409800024377 23.104533000067985),27.0,1302504.0,"Sabarmati, Ahmedabad (M.Corp.) Ward No. 4",Sabarmati,4
54589,Chekhla,Primary Health Centre,,Primary Health Centre Chekhla,,,Ta. Sanand,Sanand,Ahmadabad,Gujarat,382115,India,POINT (72.36317799961355 23.074507999818636),,,,,
55069,Singarwa-1,Sub Centre,,Sub Centre Singarva-1,,Near Primary School And Water Tank,Ta. Daskroi,Daskroi,Ahmadabad,Gujarat,382330,India,POINT (72.70119369957646 23.02895560013766),,,,,
55072,Bhavda,Sub Centre,02718-252229,Sub Centre BHAVDA,,Bhavda Market,Ta. Daskroi,Daskroi,Ahmadabad,Gujarat,382433,India,POINT (72.77473249985003 22.975853200251205),,,,,
55076,Bol,Sub Centre,,SubCentre Bol,,,Ta. Sanand,Sanand,Ahmadabad,Gujarat,382170,India,POINT (72.26482100011623 22.99227399987689),,,,,
55084,Bhuvaladi,Sub Centre,,Sub Centre Bhuvaldi,,Near Primary School,Ta. Daskroi,Daskroi,Ahmadabad,Gujarat,382330,India,POINT (72.72744949969889 23.028209700168386),,,,,
55085,Kathwada-1,Sub Centre,,Sub Centre Kathwada-1,,Near Veternary Hospital,Ta. Daskroi,Daskroi,Ahmadabad,Gujarat,382330,India,POINT (72.70749899970853 23.058388999747383),,,,,
55086,Thorimubarak,Sub Centre,,Sub Centre THORIMUBARAK,"Bharavadvas, Main Road",,Ta. Viramgam,Viramgam,Ahmadabad,Gujarat,382150,India,POINT (72.04618900021607 23.052839999768263),,,,,
55087,Dariyapur,Sub Centre,,Hsc Dariyapur,Dariyapur,,Dariyapur,Sabarmati,Ahmadabad,Gujarat,854326,India,POINT (72.59367900008662 23.034056999627953),30.0,1302521.0,"Dariyapur, Ahmedabad (M.Corp.) Ward No. 21",Dariyapur,21
55091,Godhavi,Sub Centre,,Subcenter Godhavi,,,Ta. Sanand,Sanand,Ahmadabad,Gujarat,382115,India,POINT (72.40861899978302 23.025050999771526),,,,,
55096,Singarva,Community Health Centre,,Community Health Centre Singrava,Singrava School,Nr. Anganwadi,Ta. Daskroi,Daskroi,Ahmadabad,Gujarat,382330,India,POINT (72.69699449962799 23.024752200403295),,,,,
55097,Paranpura,Sub Centre,,,,,,Sabarmati,Ahmadabad,Gujarat,380013,India,POINT (72.55849999978673 23.05519299983096),23.0,1302509.0,"Naranpura, Ahmedabad (M.Corp.) Ward No. 9",Naranpura,9
55100,Vani,Sub Centre,,Sub Centre VANI,"Near Para Vas,Vani",,Ta. Viramgam,Viramgam,Ahmadabad,Gujarat,382150,India,POINT (71.98083400040285 23.067549000315072),,,,,
55101,Siwada,Sub Centre,,Siwada,Siwada,Siwada,Siwada,Sabarmati,Ahmadabad,Gujarat,343041,India,POINT (72.62679299992378 23.035101999800645),3.0,1302526.0,"Bapurnagar, Ahmedabad (M.Corp.) Ward No. 26",Bapu Nagar,26
55103,Chharodi,Sub Centre,,Sub Centre Chharodi,,,Ta. Sanand,Sanand,Ahmadabad,Gujarat,382170,India,POINT (72.27236899996791 23.016579000381604),,,,,
55105,Bopal,Sub Centre,,Sub Centre BOPAL,,Pani Ni Taanki Jode,Ta. Daskroi,Daskroi,Ahmadabad,Gujarat,380058,India,POINT (72.46723599985641 23.033405000398762),,,,,
55106,Kujad,Sub Centre,,Sub Centre KUJAD,Rabarivas,,Ta. Daskroi,Daskroi,Ahmadabad,Gujarat,382430,India,POINT (72.73849419987889 23.00433999992147),,,,,
55112,Karkathal,Primary Health Centre,2715256111,Primary Health Centre KARAKTHAL,Jakhvada Road,Near School Karakthal,Ta. Viramgam,Viramgam,Ahmadabad,Gujarat,382150,India,POINT (72.11246600029418 23.054456000154488),,,,,
55128,Bhadiyad,Sub Centre,0,Sub Centre Bhadiyad,Station Dargah Road,Near Bukhari Dada Dargah,Meladi Mata Mandir Chock,Dholera,Ahmadabad,Gujarat,382463,India,POINT (72.16752879977626 22.280743700128046),,,,,
55130,Aakaru,Sub Centre,2713229240,Sub Centre Aakaru,,Near Pond,Ta. Dhandhuka,Dhandhuka,Ahmadabad,Gujarat,382460,India,POINT (71.99430941957078 22.268446320389437),,,,,
55134,Dholera,Sub Centre,2713234213,Sub Centre DHOLERA,Main Bajar Road,Pnb Bank Same,Ta. Dhandhuka,Dholera,Ahmadabad,Gujarat,382455,India,POINT (72.19344210012864 22.24986359992501),,,,,
55136,Bhangadh,Sub Centre,,Sub Centre BHANGADH,Nr. Talav,Baps School Pase,,Dholera,Ahmadabad,Gujarat,382455,India,POINT (72.21120989969282 22.125271499940194),,,,,
55160,Cher,Sub Centre,0,Sub Centre Cher,Bus Stand Road,Near Sodhi Road,,Dholera,Ahmadabad,Gujarat,382463,India,POINT (72.09199679958402 22.254947299872093),,,,,
55474,Bavliyari,Sub Centre,,Sub Centre Bavliyari,Main Bajar Road,Nr. RAMJI MANDIR,Ta. Dhandhuka,Dholera,Ahmadabad,Gujarat,382455,India,POINT (72.11820602026233 22.07386856963946),,,,,
59424,Chandiyel,Sub Centre,02718-252229,Sub Centre CHANDIYEL,,,Ta. Daskroi,Daskroi,Ahmadabad,Gujarat,382433,India,POINT (72.8245496698755 22.99142462022231),,,,,
129449,Undrel,Sub Centre,02718-252229,Sub Centre UNDREL,,,Ta. Daskroi,Daskroi,Ahmadabad,Gujarat,382433,India,POINT (72.77288559955848 22.954391200064745),,,,,
129485,Kubadthal,Sub Centre,,Sub Centre KUBADTHAL,Nr Water Tank,Swaminarayan Temple,Ta. Daskroi,Daskroi,Ahmadabad,Gujarat,382430,India,POINT (72.75942564039656 23.03072765023105),,,,,
129489,Chavlaj,Sub Centre,02718-252229,Sub Centre CHAVLAJ,,,Ta. Daskroi,Daskroi,Ahmadabad,Gujarat,382433,India,POINT (72.77768729956797 22.92141889960289),,,,,
129496,Pasunj,Sub Centre,,Sub Centre PASUNJ,,Nr Ramapir Temple,Ta. Daskroi,Daskroi,Ahmadabad,Gujarat,382430,India,POINT (72.79962950018884 23.037209899812225),,,,,
169193,Bholad,Sub Centre,,NA,,,,Dholka,Ahmadabad,Gujarat,382230,India,POINT (72.27321603043248 22.453061970319926),,,,,
169194,Sargwada,Sub Centre,,NA,,,,Dholka,Ahmadabad,Gujarat,382230,India,POINT (72.26008099999369 22.49738698959709),,,,,
169195,Mankol,Sub Centre,,NA,,,,Sanand,Ahmadabad,Gujarat,382110,India,POINT (72.26803599955117 22.89033199974108),,,,,
169199,Suvala,Sub Centre,,NA,,,,Detroj Rampura,Ahmadabad,Gujarat,382145,India,POINT (72.24282222000546 23.405997220389953),,,,,
169213,Bhadiyad,Primary Health Centre,,NA,,,,Dholera,Ahmadabad,Gujarat,382463,India,POINT (72.1671159996487 22.281769999921835),,,,,
169215,Pipli,Primary Health Centre,,NA,,,,Dholera,Ahmadabad,Gujarat,382465,India,POINT (72.23567392014954 22.386676020079573),,,,,
169216,Transad,Primary Health Centre,,NA,,,,Dholka,Ahmadabad,Gujarat,382225,India,POINT (72.45532699999886 22.6794279997185),,,,,
169217,Shiyal,Primary Health Centre,,NA,,,,Bavla,Ahmadabad,Gujarat,382230,India,POINT (72.15588360008337 22.686931569818064),,,,,
169218,Ambaliyara,Primary Health Centre,,NA,,,,Dholka,Ahmadabad,Gujarat,382225,India,POINT (72.49886493990016 22.76782201021538),,,,,
169220,Bhangadh,Sub Centre,,NA,,,,Dholera,Ahmadabad,Gujarat,382455,India,POINT (72.2105669996985 22.125001000064987),,,,,
169221,Sandhida,Sub Centre,,NA,,,,Dholera,Ahmadabad,Gujarat,382455,India,POINT (72.15478099981883 22.18791199973835),,,,,
169223,Ambli,Sub Centre,,NA,,,,Dholera,Ahmadabad,Gujarat,382463,India,POINT (72.23132503033206 22.3290720202973),,,,,
169228,Simej,Sub Centre,,NA,,,,Dholka,Ahmadabad,Gujarat,382265,India,POINT (72.40909916008216 22.614426840021945),,,,,
169229,Mithapur,Sub Centre,,NA,,,,Bavla,Ahmadabad,Gujarat,382230,India,POINT (72.12264212032424 22.615073779613926),,,,,
169230,Rupagath,Sub Centre,,NA,,,,Dholka,Ahmadabad,Gujarat,382240,India,POINT (72.3426767003017 22.62210528028742),,,,,
169231,Koth 1,Sub Centre,,NA,,,,Dholka,Ahmadabad,Gujarat,382240,India,POINT (72.30183132032735 22.639178379838338),,,,,
169232,Pisawada,Sub Centre,,NA,,,,Dholka,Ahmadabad,Gujarat,382265,India,POINT (72.47742598987449 22.643565989597455),,,,,
169233,Ambareli,Sub Centre,,NA,,,,Dholka,Ahmadabad,Gujarat,382225,India,POINT (72.4128059997116 22.649319000005974),,,,,
169234,Vautha,Sub Centre,,NA,,,,Dholka,Ahmadabad,Gujarat,382225,India,POINT (72.53755797980995 22.660313989691932),,,,,
169235,Sarndi,Sub Centre,,NA,,,,Dholka,Ahmadabad,Gujarat,382225,India,POINT (72.36751997958991 22.690411009695193),,,,,
169236,Sahij,Sub Centre,,NA,,,,Dholka,Ahmadabad,Gujarat,382225,India,POINT (72.5131579301812 22.69595403028254),,,,,
169237,Kalyangarh,Sub Centre,,NA,,,,Bavla,Ahmadabad,Gujarat,382240,India,POINT (72.27136482002419 22.715742559613513),,,,,
169238,Sathal,Sub Centre,,NA,,,,Dholka,Ahmadabad,Gujarat,382225,India,POINT (72.50365080979773 22.732037830011365),,,,,
169239,Keshardi,Sub Centre,,NA,,,,Bavla,Ahmadabad,Gujarat,382240,India,POINT (72.21098099997526 22.75032999961718),,,,,
169240,Chiyada,Sub Centre,,NA,,,,Bavla,Ahmadabad,Gujarat,382220,India,POINT (72.35449300031014 22.754186000366207),,,,,
169241,Devadthal,Sub Centre,,NA,,,,Bavla,Ahmadabad,Gujarat,382230,India,POINT (72.12334191960868 22.771761209723827),,,,,
169242,Kerala,Sub Centre,,NA,,,,Bavla,Ahmadabad,Gujarat,382220,India,POINT (72.33416283994133 22.77447613983021),,,,,
169243,Chandisar,Sub Centre,,NA,,,,Dholka,Ahmadabad,Gujarat,382260,India,POINT (72.48695799987955 22.796263990303995),,,,,
169528,Dholera,Primary Health Centre,,NA,,,,Dholera,Ahmadabad,Gujarat,382455,India,POINT (72.19265900006792 22.24934499991286),,,,,
169537,Gamph,Sub Centre,,NA,,,,Dholera,Ahmadabad,Gujarat,382465,India,POINT (72.16370693985787 22.35826194034163),,,,,
169538,Gundi,Sub Centre,,NA,,,,Dholka,Ahmadabad,Gujarat,382230,India,POINT (72.22336198995447 22.553179970284663),,,,,
169539,Rehtal,Sub Centre,,NA,,,,Sanand,Ahmadabad,Gujarat,382110,India,POINT (72.19005899985288 22.88805099986829),,,,,
169540,Ogan,Sub Centre,,NA,,,,Viramgam,Ahmadabad,Gujarat,382150,India,POINT (72.17109027043315 23.029600139883645),,,,,
169541,Virochannagar,Sub Centre,,NA,,,,Sanand,Ahmadabad,Gujarat,382170,India,POINT (72.22595632000343 23.096496999892246),,,,,
169604,Vithlapur,Primary Health Centre,,NA,,,,Mandal,Ahmadabad,Gujarat,382120,India,POINT (72.05452200006532 23.36511999966066),,,,,
169607,Sitapur,Primary Health Centre,,NA,,,,Mandal,Ahmadabad,Gujarat,382130,India,POINT (71.99483499958902 23.454017000334375),,,,,
169608,Dharnoj,Primary Health Centre,,NA,,,,Mandal,Ahmadabad,Gujarat,382130,India,POINT (72.00999999978774 23.499999999820503),,,,,
169615,Vanpradi,Sub Centre,,NA,,,,Mandal,Ahmadabad,Gujarat,382130,India,POINT (71.96654571998886 23.378054440106325),,,,,
169616,Jalisana,Sub Centre,,NA,,,,Mandal,Ahmadabad,Gujarat,382120,India,POINT (72.01397199963115 23.398643999626376),,,,,
169814,Viramgam,Community Health Centre,,NA,,,,Viramgam,Ahmadabad,Gujarat,382150,India,POINT (72.04367699986456 23.129507000292975),,,,,
169816,Mandal,Community Health Centre,,NA,,,,Mandal,Ahmadabad,Gujarat,382130,India,POINT (71.9179168198616 23.290032719697173),,,,,
169821,Goraiya,Primary Health Centre,,NA,,,,Viramgam,Ahmadabad,Gujarat,382150,India,POINT (71.92743299975473 23.133041999944165),,,,,
169823,Trent,Primary Health Centre,,NA,,,,Mandal,Ahmadabad,Gujarat,382150,India,POINT (72.00762600042681 23.219341000043276),,,,,
169827,Vani,Sub Centre,,NA,,,,Viramgam,Ahmadabad,Gujarat,382150,India,POINT (71.9794184100253 23.066712589826007),,,,,
169830,Viramgam 2,Sub Centre,,NA,,,,Viramgam,Ahmadabad,Gujarat,382150,India,POINT (72.0560050000218 23.120371000203484),,,,,
169832,Bhojva,Sub Centre,,NA,,,,Viramgam,Ahmadabad,Gujarat,382150,India,POINT (72.02665708011381 23.15395708972529),,,,,
169833,Dhakdi,Sub Centre,,NA,,,,Viramgam,Ahmadabad,Gujarat,382150,India,POINT (71.98089700015207 23.182667000031547),,,,,
169836,Ukhlod,Sub Centre,,NA,,,,Viramgam,Ahmadabad,Gujarat,382150,India,POINT (72.0415720001172 23.22047000038259),,,,,
169839,Andala,Sub Centre,,NA,,,,Mandal,Ahmadabad,Gujarat,382130,India,POINT (72.04890451030192 23.283309530168626),,,,,
169841,Ribadi,Sub Centre,,NA,,,,Mandal,Ahmadabad,Gujarat,382130,India,POINT (72.01493800027697 23.29219500005547),,,,,
169842,Solgam,Sub Centre,,NA,,,,Mandal,Ahmadabad,Gujarat,382130,India,POINT (72.0212785404193 23.32502604018496),,,,,
169843,Dalod,Sub Centre,,NA,,,,Mandal,Ahmadabad,Gujarat,382130,India,POINT (71.9714319999756 23.358794000391768),,,,,
169844,Vinzuvada,Sub Centre,,NA,,,,Mandal,Ahmadabad,Gujarat,382130,India,POINT (71.92503799957912 23.360431999855184),,,,,
173859,Dhandhuka,Community Health Centre,,NA,,,,Dhandhuka,Ahmadabad,Gujarat,382460,India,POINT (71.97516851994203 22.375047659812406),,,,,
173865,Kumarkhan,Primary Health Centre,,NA,,,,Viramgam,Ahmadabad,Gujarat,382150,India,POINT (72.02109100003577 22.906244000152803),,,,,
173867,Karakthal,Primary Health Centre,,NA,,,,Viramgam,Ahmadabad,Gujarat,382150,India,POINT (72.11258991031121 23.052976200167016),,,,,
173871,Akru,Sub Centre,,NA,,,,Dhandhuka,Ahmadabad,Gujarat,382250,India,POINT (71.99608699956681 22.26985600020436),,,,,
173872,Tagdi,Sub Centre,,NA,,,,Dhandhuka,Ahmadabad,Gujarat,382250,India,POINT (71.9458038895731 22.296516939847294),,,,,
173873,Kharad,Sub Centre,,NA,,,,Dhandhuka,Ahmadabad,Gujarat,382460,India,POINT (72.01705499971993 22.31068111007726),,,,,
173874,Rojka,Sub Centre,,NA,,,,Dhandhuka,Ahmadabad,Gujarat,382460,India,POINT (72.03662399958218 22.34707899974567),,,,,
173875,Kotda,Sub Centre,,NA,,,,Dhandhuka,Ahmadabad,Gujarat,382460,India,POINT (71.94228499995899 22.377846999586993),,,,,
173876,Dhandhuka-2,Sub Centre,,NA,,,,Dhandhuka,Ahmadabad,Gujarat,382460,India,POINT (71.98666999996925 22.381463000081553),,,,,
173877,Dhandhuka-1,Sub Centre,,NA,,,,Dhandhuka,Ahmadabad,Gujarat,382460,India,POINT (71.98663425959737 22.381569089961904),,,,,
173878,Vasna,Sub Centre,,NA,,,,Dhandhuka,Ahmadabad,Gujarat,382460,India,POINT (71.954023050418 22.392628060159215),,,,,
173879,Khadol,Sub Centre,,NA,,,,Dhandhuka,Ahmadabad,Gujarat,382460,India,POINT (72.04421099979196 22.40670399959995),,,,,
173880,Advak,Sub Centre,,NA,,,,Dhandhuka,Ahmadabad,Gujarat,382460,India,POINT (72.0020446400058 22.43989594969888),,,,,
173881,Zanzarka,Sub Centre,,NA,,,,Dhandhuka,Ahmadabad,Gujarat,382460,India,POINT (71.95307800028122 22.442984999790514),,,,,
173882,Bajarda,Sub Centre,,NA,,,,Dhandhuka,Ahmadabad,Gujarat,382460,India,POINT (71.9772659998922 22.491414999658367),,,,,
173892,Dharji,Sub Centre,,NA,,,,Bavla,Ahmadabad,Gujarat,382230,India,POINT (72.0991091398791 22.78193762990923),,,,,
173894,Shahpur,Sub Centre,,NA,,,,Viramgam,Ahmadabad,Gujarat,382150,India,POINT (72.01655299957962 22.875799999860625),,,,,
173895,Kamijla,Sub Centre,,NA,,,,Viramgam,Ahmadabad,Gujarat,382150,India,POINT (72.01199300028046 22.939832000107522),,,,,
179863,Upardal,Primary Health Centre,,NA,,,,Sanand,Ahmadabad,Gujarat,382110,India,POINT (72.14477000001939 22.84867999997575),,,,,
179864,Aslali,Primary Health Centre,,NA,,,,Daskroi,Ahmadabad,Gujarat,382427,India,POINT (72.59399283012439 22.91493855992876),,,,,
179865,Lambha  UPHC,Primary Health Centre,,NA,,,,Sabarmati,Ahmadabad,Gujarat,382405,India,POINT (72.5758300000073 22.93417299997024),2.0,1302546.0,"Lambha, Ahmedabad (M.Corp.) Ward No. 46",Lambha,46
179866,Vekriya,Sub Centre,,NA,,,,Viramgam,Ahmadabad,Gujarat,382110,India,POINT (72.06448820986465 22.821004609694974),,,,,
179867,Vasai,Sub Centre,,NA,,,,Daskroi,Ahmadabad,Gujarat,382425,India,POINT (72.54170160009343 22.847942309953396),,,,,
179868,Nandej,Sub Centre,,NA,,,,Daskroi,Ahmadabad,Gujarat,382435,India,POINT (72.68497177036055 22.89786380972945),,,,,
179870,Asalgam,Sub Centre,,NA,,,,Viramgam,Ahmadabad,Gujarat,382150,India,POINT (72.09964199984441 22.899020000388962),,,,,
179871,Harniyav,Sub Centre,,NA,,,,Daskroi,Ahmadabad,Gujarat,382435,India,POINT (72.7340019596033 22.920142650159296),,,,,
179872,Hirapur,Sub Centre,,NA,,,,Daskroi,Ahmadabad,Gujarat,382435,India,POINT (72.71271983027341 22.9223804399081),,,,,
179874,Changodar,Sub Centre,,NA,,,,Sanand,Ahmadabad,Gujarat,382213,India,POINT (72.4466550002159 22.93046499961587),,,,,
179875,Vanch,Sub Centre,,NA,,,,Daskroi,Ahmadabad,Gujarat,382449,India,POINT (72.69210024978804 22.9423894500662),,,,,
179877,Ghoda,Sub Centre,,NA,,,,Viramgam,Ahmadabad,Gujarat,382150,India,POINT (72.06903500033587 22.94631300016503),,,,,
180481,Vagad,Primary Health Centre,,NA,,,,Dhandhuka,Ahmadabad,Gujarat,382245,India,POINT (71.86972888024948 22.3599861100868),,,,,
180533,Gunjar,Sub Centre,,NA,,,,Dhandhuka,Ahmadabad,Gujarat,382460,India,POINT (71.91645305014046 22.36656389002344),,,,,
186531,Kanz,Sub Centre,,NA,,,,Detroj Rampura,Ahmadabad,Gujarat,382140,India,POINT (72.1546889000443 23.296416919845562),,,,,
186532,Detroj,Sub Centre,,NA,,,,Detroj Rampura,Ahmadabad,Gujarat,382120,India,POINT (72.18815408007211 23.334229140134493),,,,,
186533,Nadisala,Sub Centre,,NA,,,,Detroj Rampura,Ahmadabad,Gujarat,382120,India,POINT (72.16719897972644 23.386257020254718),,,,,
186740,Nadiyana,Sub Centre,,NA,,,,Viramgam,Ahmadabad,Gujarat,382150,India,POINT (72.10332199960978 23.18821700000288),,,,,
186741,Gunjala,Sub Centre,,NA,,,,Detroj Rampura,Ahmadabad,Gujarat,382120,India,POINT (72.12498400042219 23.42860602969589),,,,,
188555,Asyani,Sub Centre,,NA,,,,Sabarmati,Ahmadabad,Gujarat,380009,India,POINT (72.56632499964788 23.03744700004361),22.0,1302518.0,"Navrangpura, Ahmedabad (M.Corp.) Ward No. 18",Navrangpura,18
188557,V S Hospital  N.H.L. Medical College,District Hospital,,NA,,,,Sabarmati,Ahmadabad,Gujarat,380006,India,POINT (72.57078211040597 23.021835919877272),21.0,1302530.0,"Paldi, Ahmedabad (M.Corp.) Ward No. 30",Paldi,30
188558,Amraiwadi  UPHC,Primary Health Centre,,NA,,,,Sabarmati,Ahmadabad,Gujarat,380026,India,POINT (72.6244580000226 23.00909499960952),35.0,1302539.0,"Amraivadi, Ahmedabad (M.Corp.) Ward No. 39",Amraiwadi,39
188559,Kankariya  UPHC,Primary Health Centre,,NA,,,,Sabarmati,Ahmadabad,Gujarat,380002,India,POINT (72.59782800038037 23.01082200003174),33.0,1302537.0,"Maninagar, Ahmedabad (M.Corp.) Ward No. 37",Mani Nagar,37
188560,Paldi UPHC,Primary Health Centre,,NA,,,,Sabarmati,Ahmadabad,Gujarat,380007,India,POINT (72.5650939995865 23.013577000290386),21.0,1302530.0,"Paldi, Ahmedabad (M.Corp.) Ward No. 30",Paldi,30
188562,Raikhad UPHC,Primary Health Centre,,NA,,,,Sabarmati,Ahmadabad,Gujarat,380001,India,POINT (72.58058600002335 23.015815999725646),42.0,1302529.0,"Jamalpur, Ahmedabad (M.Corp.) Ward No. 29",Jamalpur,29
188563,Gomtipur  UPHC,Primary Health Centre,,NA,,,,Sabarmati,Ahmadabad,Gujarat,380021,India,POINT (72.61297699978724 23.017173000073416),45.0,1302538.0,"Gomtipur, Ahmedabad (M.Corp.) Ward No. 38",Gomtipur,38
188564,Jamalpur UPHC,Primary Health Centre,,NA,,,,Sabarmati,Ahmadabad,Gujarat,380001,India,POINT (72.58261700015089 23.019088999837503),42.0,1302529.0,"Jamalpur, Ahmedabad (M.Corp.) Ward No. 29",Jamalpur,29
188565,Odhav UPHC,Primary Health Centre,,NA,,,,Sabarmati,Ahmadabad,Gujarat,382415,India,POINT (72.64955299982987 23.019712000284734),36.0,1302540.0,"Odhav, Ahmedabad (M.Corp.) Ward No. 40",Odhav,40
188566,Rakhiyal  UPHC,Primary Health Centre,,NA,,,,Sabarmati,Ahmadabad,Gujarat,380023,India,POINT (72.62269499968367 23.021516999683254),45.0,1302538.0,"Gomtipur, Ahmedabad (M.Corp.) Ward No. 38",Gomtipur,38
188567,Bapunagar  UPHC,Primary Health Centre,,NA,,,,Sabarmati,Ahmadabad,Gujarat,380024,India,POINT (72.62577709966052 23.03726599965012),3.0,1302526.0,"Bapurnagar, Ahmedabad (M.Corp.) Ward No. 26",Bapu Nagar,26
188568,Nava Naroda UPHC,Primary Health Centre,,NA,,,,Sabarmati,Ahmadabad,Gujarat,382350,India,POINT (72.662875000222 23.04190000021182),47.0,1302524.0,"Nikol, Ahmedabad (M.Corp.) Ward No. 24",Nikol,24
188569,Girdharnagar UPHC,Primary Health Centre,,NA,,,,Sabarmati,Ahmadabad,Gujarat,380004,India,POINT (72.60086200006535 23.049114999852232),28.0,1302516.0,"Shahibag, Ahmedabad (M.Corp.) Ward No. 16",Shahibag,16
188570,Kanbha,Sub Centre,,NA,,,,Daskroi,Ahmadabad,Gujarat,382430,India,POINT (72.73086842029662 23.01087430988133),,,,,
188573,Singarva 1,Sub Centre,,NA,,,,Daskroi,Ahmadabad,Gujarat,382430,India,POINT (72.68855552013478 23.01783006999463),,,,,
188575,Godhavi,Sub Centre,,NA,,,,Sanand,Ahmadabad,Gujarat,382115,India,POINT (72.40861899978302 23.025928999662355),,,,,
188576,Kubadthal,Sub Centre,,NA,,,,Daskroi,Ahmadabad,Gujarat,382430,India,POINT (72.76006493006179 23.03257130019194),,,,,
188577,Kathwada-1,Sub Centre,,NA,,,,Daskroi,Ahmadabad,Gujarat,382430,India,POINT (72.69178438955772 23.034062130095766),,,,,
188578,Zanu,Sub Centre,,NA,,,,Daskroi,Ahmadabad,Gujarat,382430,India,POINT (72.73982029020635 23.043258059774466),,,,,
188580,Thorimubarak,Sub Centre,,NA,,,,Viramgam,Ahmadabad,Gujarat,382150,India,POINT (72.04571899986279 23.05454799979953),,,,,
188605,Vatva  UPHC,Primary Health Centre,,NA,,,,Sabarmati,Ahmadabad,Gujarat,382440,India,POINT (72.61585099963865 22.953276000131343),32.0,1302547.0,"Vatava, Ahmedabad (M.Corp.) Ward No. 47",Vatva,47
188607,Sanathal,Primary Health Centre,,NA,,,,Sanand,Ahmadabad,Gujarat,382210,India,POINT (72.46790100020337 22.966056999985703),,,,,
188608,Ishanpur  UPHC,Primary Health Centre,,NA,,,,Sabarmati,Ahmadabad,Gujarat,382405,India,POINT (72.59382999969935 22.96669000007075),2.0,1302546.0,"Lambha, Ahmedabad (M.Corp.) Ward No. 46",Lambha,46
188610,Ramol UPHC,Primary Health Centre,,NA,,,,Sabarmati,Ahmadabad,Gujarat,382449,India,POINT (72.65231999955114 22.97540299984409),4.0,1302548.0,"Ramol Hathijan, Ahmedabad (M.Corp.) Ward No. 48",Ramol Hathijan,48
188611,Vastral  UPHC,Primary Health Centre,,NA,,,,Daskroi,Ahmadabad,Gujarat,382449,India,POINT (72.70144499968393 22.977100000170775),,,,,
188612,Sarkhej  UPHC,Primary Health Centre,,NA,,,,Sabarmati,Ahmadabad,Gujarat,382210,India,POINT (72.50005099994281 22.978386999906306),16.0,1302533.0,"Vejalpur, Ahmedabad (M.Corp.) Ward No. 33",Sarkhej,33
188615,Bage Firdosh  UPHC,Primary Health Centre,,NA,,,,Sabarmati,Ahmadabad,Gujarat,380026,India,POINT (72.63085099998091 22.98921399961222),38.0,1302542.0,"Indrapuri, Ahmedabad (M.Corp.) Ward No. 42",Indrapuri,42
188618,Bhaipura UPHC,Primary Health Centre,,NA,,,,Sabarmati,Ahmadabad,Gujarat,380026,India,POINT (72.6289629999685 22.99507800001427),46.0,1302543.0,"Bhaipura Hatkeswar, Ahmedabad (M.Corp.) Ward No. 43",Bhaipura Hatkeshwar,43
188619,Danilimbda  UPHC,Primary Health Centre,,NA,,,,Sabarmati,Ahmadabad,Gujarat,380028,India,POINT (72.58340999964605 22.99568999987569),44.0,1302536.0,"Danilimda, Ahmedabad (M.Corp.) Ward No. 36",Danilimda,36
188620,Baherampura  UPHC,Primary Health Centre,,NA,,,,Sabarmati,Ahmadabad,Gujarat,380022,India,POINT (72.57599999988662 22.996279999896434),31.0,1302535.0,"Baherampura, Ahmedabad (M.Corp.) Ward No. 35",Baherampura,35
188622,Khokhara UPHC,Primary Health Centre,,NA,,,,Sabarmati,Ahmadabad,Gujarat,380008,India,POINT (72.61964199973208 22.99954900035853),40.0,1302544.0,"Khokhra, Ahmedabad (M.Corp.) Ward No. 44",Khokhra,44
188623,L G Hospital Ahemedabad medical colleage,STH,,NA,,,,Sabarmati,Ahmadabad,Gujarat,380008,India,POINT (72.60548800038508 22.999757999947715),33.0,1302537.0,"Maninagar, Ahmedabad (M.Corp.) Ward No. 37",Mani Nagar,37
188624,Dhamatvan,Sub Centre,,NA,,,,Daskroi,Ahmadabad,Gujarat,382418,India,POINT (72.72407251964515 22.9537785201523),,,,,
188629,Bhavda,Sub Centre,,NA,,,,Daskroi,Ahmadabad,Gujarat,382433,India,POINT (72.76951807966302 22.971329770203717),,,,,
188634,Vansva,Sub Centre,,NA,,,,Viramgam,Ahmadabad,Gujarat,382150,India,POINT (72.10650188030702 22.97485862010335),,,,,
188640,Chandiyel,Sub Centre,,NA,,,,Daskroi,Ahmadabad,Gujarat,382433,India,POINT (72.81339844028261 22.997526289601367),,,,,
188641,Ahmedabad City,Sub Centre,,NA,,,,Sanand,Ahmadabad,Gujarat,382170,India,POINT (72.39999999970351 23.000000000112255),,,,,
188642,Kuha,Sub Centre,,NA,,,,Daskroi,Ahmadabad,Gujarat,382433,India,POINT (72.7942407295816 23.000734290146898),,,,,
188643,Shiyawada,Sub Centre,,NA,,,,Sanand,Ahmadabad,Gujarat,382170,India,POINT (72.23748900031711 23.0009969998636),,,,,
188646,Kunjad,Sub Centre,,NA,,,,Daskroi,Ahmadabad,Gujarat,382430,India,POINT (72.72982948004297 23.006534789779835),,,,,
197250,SHC Tokda New,Sub Centre,,NA,,,,Sabarmati,Ahmadabad,Gujarat,382330,India,POINT (72.66715599986189 23.0707899997984),47.0,1302524.0,"Nikol, Ahmedabad (M.Corp.) Ward No. 24",Nikol,24
198772,Khadiya UPHC,Primary Health Centre,,NA,,,,Sabarmati,Ahmadabad,Gujarat,380001,India,POINT (72.5941229996023 23.022243000018328),43.0,1302528.0,"Khadiya, Ahmedabad (M.Corp.) Ward No. 28",Khadia,28
198773,Saraspur UPHC,Primary Health Centre,,NA,,,,Sabarmati,Ahmadabad,Gujarat,380018,India,POINT (72.6104960002962 23.032907000257406),9.0,1302527.0,"Sarsapur Rakhiyal, Ahmedabad (M.Corp.) Ward No. 27",Saraspur-Rakhiyal,27
198774,Asarwa  UPHC,Primary Health Centre,,NA,,,,Sabarmati,Ahmadabad,Gujarat,380004,India,POINT (72.60137599990124 23.04835999977616),28.0,1302516.0,"Shahibag, Ahmedabad (M.Corp.) Ward No. 16",Shahibag,16
198775,Juna Vadaj  UPHC,Primary Health Centre,,NA,,,,Sabarmati,Ahmadabad,Gujarat,380027,India,POINT (72.5735429997867 23.056261000330984),25.0,1302510.0,"Sardar Patel Stadium, Ahmedabad (M.Corp.) Ward No. 10",S. P. Stadium,10
198779,Shardaben Hospital,STH,,NA,,,,Sabarmati,Ahmadabad,Gujarat,380018,India,POINT (72.61049899977094 23.03290200036451),9.0,1302527.0,"Sarsapur Rakhiyal, Ahmedabad (M.Corp.) Ward No. 27",Saraspur-Rakhiyal,27
198783,Jetalpur,Sub Centre,,NA,,,,Daskroi,Ahmadabad,Gujarat,382426,India,POINT (72.59863766003079 22.89056709011068),,,,,
198825,Vejalpur  UPHC,Primary Health Centre,,NA,,,,Sabarmati,Ahmadabad,Gujarat,380055,India,POINT (72.5182470003518 23.002889999661573),17.0,1302534.0,"Maktampura, Ahmedabad (M.Corp.) Ward No. 34",Maktampura,34
198826,Jodhpur  UPHC,Primary Health Centre,,NA,,,,Sabarmati,Ahmadabad,Gujarat,380015,India,POINT (72.52556599987464 23.022527999617775),18.0,1302520.0,"Jodhpur, Ahmedabad (M.Corp.) Ward No. 20",Jodhpur,20
198827,Ognaj  UPHC,Primary Health Centre,,NA,,,,Sabarmati,Ahmadabad,Gujarat,380060,India,POINT (72.51591699957517 23.112973999886254),12.0,1302501.0,"Gota, Ahmedabad (M.Corp.) Ward No. 1",Gota,1
200053,Vataman,Primary Health Centre,,NA,,,,Dholka,Ahmadabad,Gujarat,382265,India,POINT (72.41485299973267 22.52449000962408),,,,,
200056,Motiboru,Sub Centre,,NA,,,,Dholka,Ahmadabad,Gujarat,382230,India,POINT (72.3426897303649 22.468167399630683),,,,,
200057,Vejalka,Sub Centre,,NA,,,,Dholka,Ahmadabad,Gujarat,382230,India,POINT (72.3174588001838 22.549704000269617),,,,,
200058,Valthera,Sub Centre,,NA,,,,Dholka,Ahmadabad,Gujarat,382225,India,POINT (72.33700045982036 22.683785370167413),,,,,
200059,Rupal,Sub Centre,,NA,,,,Bavla,Ahmadabad,Gujarat,382220,India,POINT (72.36428730041183 22.80027549010279),,,,,
200060,Fangdi,Sub Centre,,NA,,,,Sanand,Ahmadabad,Gujarat,382110,India,POINT (72.33021560036208 22.92899017018288),,,,,
200061,Nidhrad,Sub Centre,,NA,,,,Sanand,Ahmadabad,Gujarat,382115,India,POINT (72.39044400018877 23.01925399988314),,,,,
200062,Chekhla,Sub Centre,,NA,,,,Sanand,Ahmadabad,Gujarat,382115,India,POINT (72.36717899976928 23.05961499994174),,,,,
201248,Detroj,Community Health Centre,,NA,,,,Detroj Rampura,Ahmadabad,Gujarat,382120,India,POINT (72.18921049974453 23.332888559733814),,,,,
201252,Nanodara,Primary Health Centre,,NA,,,,Bavla,Ahmadabad,Gujarat,382220,India,POINT (72.20299077028896 22.825063500270325),,,,,
201269,Madrisana,Sub Centre,,NA,,,,Detroj Rampura,Ahmadabad,Gujarat,382145,India,POINT (72.21623008974235 23.389019230041438),,,,,
203774,Bavla,Community Health Centre,,NA,,,,Bavla,Ahmadabad,Gujarat,382220,India,POINT (72.36621116027207 22.837219900019523),,,,,
203775,Sanand,Community Health Centre,,NA,,,,Sanand,Ahmadabad,Gujarat,382170,India,POINT (72.38386799993236 22.9867159997632),,,,,
203777,Kavitha,Primary Health Centre,,NA,,,,Dholka,Ahmadabad,Gujarat,382260,India,POINT (72.44040545042868 22.844061060216937),,,,,
203778,Kasindra,Primary Health Centre,,NA,,,,Daskroi,Ahmadabad,Gujarat,382210,India,POINT (72.47856091960782 22.883443839642442),,,,,
203779,Modasar,Primary Health Centre,,NA,,,,Sanand,Ahmadabad,Gujarat,382220,India,POINT (72.3615809998543 22.900248000274445),,,,,
203780,Zolapur,Primary Health Centre,,NA,,,,Sanand,Ahmadabad,Gujarat,382170,India,POINT (72.2030969996646 22.984465999800396),,,,,
203781,Vasna UPHC,Primary Health Centre,,NA,,,,Sabarmati,Ahmadabad,Gujarat,380007,India,POINT (72.54877400039268 22.997952999665856),20.0,1302531.0,"Vasana, Ahmedabad (M.Corp.) Ward No. 31",Vasna,31
203782,Gandhigram  UPHC,Primary Health Centre,,NA,,,,Sabarmati,Ahmadabad,Gujarat,380006,India,POINT (72.55166699961238 23.020679999867724),22.0,1302518.0,"Navrangpura, Ahmedabad (M.Corp.) Ward No. 18",Navrangpura,18
203783,Bodakdev  UPHC,Primary Health Centre,,NA,,,,Sabarmati,Ahmadabad,Gujarat,380052,India,POINT (72.53863100034881 23.047821999865263),14.0,1302519.0,"Bodakdev, Ahmedabad (M.Corp.) Ward No. 19",Bodakdev,19
203784,Thaltej  UPHC,Primary Health Centre,,NA,,,,Sabarmati,Ahmadabad,Gujarat,380059,India,POINT (72.51246399959052 23.050520000018444),1.0,1302508.0,"Thaltej, Ahmedabad (M.Corp.) Ward No. 8",Thaltej,8
203785,Ghatlodiya  UPHC,Primary Health Centre,,NA,,,,Sabarmati,Ahmadabad,Gujarat,380061,India,POINT (72.54264699967484 23.071761000175865),13.0,1302507.0,"Ghatlodiya, Ahmedabad (M.Corp.) Ward No. 7",Ghatlodia,7
203786,Chandlodiya  UPHC,Primary Health Centre,,NA,,,,Sabarmati,Ahmadabad,Gujarat,382481,India,POINT (72.55349799972338 23.078670999803812),13.0,1302507.0,"Ghatlodiya, Ahmedabad (M.Corp.) Ward No. 7",Ghatlodia,7
203790,Bavla 3,Sub Centre,,NA,,,,Bavla,Ahmadabad,Gujarat,382220,India,POINT (72.37190330991707 22.821203450325847),,,,,
203791,Bavla 1,Sub Centre,,NA,,,,Bavla,Ahmadabad,Gujarat,382220,India,POINT (72.34700868023229 22.821697830265286),,,,,
203792,Saroda,Sub Centre,,NA,,,,Dholka,Ahmadabad,Gujarat,382260,India,POINT (72.48746500004275 22.82503300028439),,,,,
203793,Badarkha1,Sub Centre,,NA,,,,Dholka,Ahmadabad,Gujarat,382260,India,POINT (72.45362897031283 22.839816130183372),,,,,
203794,Rajoda,Sub Centre,,NA,,,,Bavla,Ahmadabad,Gujarat,382220,India,POINT (72.39093223993558 22.849426590062215),,,,,
203795,Darsan,Sub Centre,,NA,,,,Sanand,Ahmadabad,Gujarat,382220,India,POINT (72.34869299983042 22.870471000253204),,,,,
203796,Miroli,Sub Centre,,NA,,,,Daskroi,Ahmadabad,Gujarat,382425,India,POINT (72.52108076017008 22.871407769777925),,,,,
203797,Juval,Sub Centre,,NA,,,,Sanand,Ahmadabad,Gujarat,382220,India,POINT (72.31767299987003 22.87254500013445),,,,,
203798,Bhat,Sub Centre,,NA,,,,Daskroi,Ahmadabad,Gujarat,382210,India,POINT (72.46506676966789 22.87459125961681),,,,,
203799,Girmatha,Sub Centre,,NA,,,,Daskroi,Ahmadabad,Gujarat,382425,India,POINT (72.55111760974755 22.881771060350562),,,,,
203800,Paldikankaj,Sub Centre,,NA,,,,Daskroi,Ahmadabad,Gujarat,382210,India,POINT (72.51731431013502 22.899763589605836),,,,,
203801,Palwada,Sub Centre,,NA,,,,Sanand,Ahmadabad,Gujarat,382220,India,POINT (72.3944300002759 22.91069399987847),,,,,
203802,Makhiyava,Sub Centre,,NA,,,,Sanand,Ahmadabad,Gujarat,382110,India,POINT (72.23909120042357 22.9428981900962),,,,,
203803,Shela,Sub Centre,,NA,,,,Sanand,Ahmadabad,Gujarat,380058,India,POINT (72.44357693008139 23.008835159941373),,,,,
203804,Ghuma,Sub Centre,,NA,,,,Daskroi,Ahmadabad,Gujarat,380058,India,POINT (72.45007768026308 23.031744269676132),,,,,
203805,Iyava,Sub Centre,,NA,,,,Sanand,Ahmadabad,Gujarat,382170,India,POINT (72.32098587973834 23.032850580324354),,,,,
203806,Khoraj,Sub Centre,,NA,,,,Sanand,Ahmadabad,Gujarat,382170,India,POINT (72.21087665975669 23.03587481978139),,,,,
203807,Bopal,Sub Centre,,NA,,,,Daskroi,Ahmadabad,Gujarat,380058,India,POINT (72.46073711008569 23.037254240196187),,,,,
203808,Chharodi,Sub Centre,,NA,,,,Sanand,Ahmadabad,Gujarat,382170,India,POINT (72.26619899959238 23.046603999743773),,,,,
203809,Jkhavada,Sub Centre,,NA,,,,Viramgam,Ahmadabad,Gujarat,382150,India,POINT (72.13569202999997 23.084368679798104),,,,,
203810,Andej,Sub Centre,,NA,,,,Sanand,Ahmadabad,Gujarat,382115,India,POINT (72.32751999963789 23.09185700028315),,,,,
203813,Hirapura,Sub Centre,,NA,,,,Viramgam,Ahmadabad,Gujarat,382150,India,POINT (72.15037600033034 23.148912999905537),,,,,
203814,Khodiyar,Sub Centre,,NA,,,,Daskroi,Ahmadabad,Gujarat,382421,India,POINT (72.541916430397 23.154273369929918),,,,,
203816,Manipura,Sub Centre,,NA,,,,Viramgam,Ahmadabad,Gujarat,382150,India,POINT (72.15075999957158 23.193127999986118),,,,,
203823,Bhoyani,Sub Centre,,NA,,,,Detroj Rampura,Ahmadabad,Gujarat,382145,India,POINT (72.22773373021784 23.35734865017252),,,,,
209280,Gangad,Primary Health Centre,,NA,,,,Bavla,Ahmadabad,Gujarat,382240,India,POINT (72.27987800035989 22.676624379886174),,,,,
209286,Javaraj,Sub Centre,,NA,,,,Dholka,Ahmadabad,Gujarat,382230,India,POINT (72.26875798991806 22.564778999665748),,,,,
209287,Bagodra,Sub Centre,,NA,,,,Bavla,Ahmadabad,Gujarat,382230,India,POINT (72.19821653986254 22.641319089838383),,,,,
209288,Bhayla,Sub Centre,,NA,,,,Bavla,Ahmadabad,Gujarat,382220,India,POINT (72.31431600014484 22.761530000323045),,,,,
209289,Dehgamda,Sub Centre,,NA,,,,Bavla,Ahmadabad,Gujarat,382220,India,POINT (72.26877356041688 22.783685670027175),,,,,
209290,Salajda,Sub Centre,,NA,,,,Bavla,Ahmadabad,Gujarat,382220,India,POINT (72.39336458038261 22.79354807019968),,,,,
209291,Zamp,Sub Centre,,NA,,,,Sanand,Ahmadabad,Gujarat,382110,India,POINT (72.15867200036968 22.81339400017571),,,,,
209292,Bavla 2,Sub Centre,,NA,,,,Bavla,Ahmadabad,Gujarat,382220,India,POINT (72.37655645013817 22.816595970045682),,,,,
209293,Aadroda,Sub Centre,,NA,,,,Bavla,Ahmadabad,Gujarat,382220,India,POINT (72.3077940003151 22.820413999634034),,,,,
209294,Nanidevti,Sub Centre,,NA,,,,Sanand,Ahmadabad,Gujarat,382220,India,POINT (72.37758100027928 22.92090200026857),,,,,
209295,Vinchhiya,Sub Centre,,NA,,,,Sanand,Ahmadabad,Gujarat,382110,India,POINT (72.2863990003647 22.923508999928035),,,,,
209296,Hirapur,Sub Centre,,NA,,,,Sanand,Ahmadabad,Gujarat,382110,India,POINT (72.2653330003023 22.96076699985624),,,,,
209297,Bol,Sub Centre,,NA,,,,Sanand,Ahmadabad,Gujarat,382170,India,POINT (72.26595000007035 22.991316000321422),,,,,
209303,Rudatal,Sub Centre,,NA,,,,Detroj Rampura,Ahmadabad,Gujarat,382120,India,POINT (72.16118800002081 23.41041799961339),,,,,
211719,Madhupura UPHC,Primary Health Centre,,NA,,,,Sabarmati,Ahmadabad,Gujarat,380004,India,POINT (72.57973400007866 23.04347699972071),41.0,1302517.0,"Shapur, Ahmedabad (M.Corp.) Ward No. 17",Shahpur,17
211720,Stadium  UPHC,Primary Health Centre,,NA,,,,Sabarmati,Ahmadabad,Gujarat,380013,India,POINT (72.57017099999292 23.04737899964954),25.0,1302510.0,"Sardar Patel Stadium, Ahmedabad (M.Corp.) Ward No. 10",S. P. Stadium,10
211721,Sardar Nagar UPHC,Primary Health Centre,,NA,,,,Sabarmati,Ahmadabad,Gujarat,382475,India,POINT (72.62034100041424 23.080535999733936),5.0,1302511.0,"Sardarnagar, Ahmedabad (M.Corp.) Ward No. 11",Sardar Nagar,11
211722,Sabarmati  UPHC,Primary Health Centre,,NA,,,,Sabarmati,Ahmadabad,Gujarat,380005,India,POINT (72.59060500021866 23.083155000288727),27.0,1302504.0,"Sabarmati, Ahmedabad (M.Corp.) Ward No. 4",Sabarmati,4
211723,Chandkheda  UPHC,Primary Health Centre,,NA,,,,Sabarmati,Ahmadabad,Gujarat,382424,India,POINT (72.57587199984009 23.113131000327243),15.0,1302503.0,"Chandkheda, Ahmedabad (M.Corp.) Ward No. 3",Chandkheda,3
211724,Pasunj,Sub Centre,,NA,,,,Daskroi,Ahmadabad,Gujarat,382430,India,POINT (72.78338428035255 23.05393632988294),,,,,
211725,Kathwada 3,Sub Centre,,NA,,,,Daskroi,Ahmadabad,Gujarat,382430,India,POINT (72.71432378029802 23.068531830398562),,,,,
211726,Railway Hospital,STH,,NA,,,,Sabarmati,Ahmadabad,Gujarat,380019,India,POINT (72.5832930003685 23.093564999896937),27.0,1302504.0,"Sabarmati, Ahmedabad (M.Corp.) Ward No. 4",Sabarmati,4
211727,GMERS  Medical College Sola,District Hospital,,NA,,,,Sabarmati,Ahmadabad,Gujarat,380060,India,POINT (72.51461699003536 23.07799253962867),12.0,1302501.0,"Gota, Ahmedabad (M.Corp.) Ward No. 1",Gota,1
211728,Manipura,Primary Health Centre,,NA,,,,Viramgam,Ahmadabad,Gujarat,382150,India,POINT (72.15126388976729 23.193921939848746),,,,,
211730,Rampura,Primary Health Centre,,NA,,,,Detroj Rampura,Ahmadabad,Gujarat,382140,India,POINT (72.13803689969116 23.2722581800039),,,,,
211733,Hansalpur,Sub Centre,,NA,,,,Viramgam,Ahmadabad,Gujarat,382150,India,POINT (72.06620199959403 23.09058799997459),,,,,
211734,Sokali,Sub Centre,,NA,,,,Viramgam,Ahmadabad,Gujarat,382150,India,POINT (72.11009200003495 23.09681799994769),,,,,
211737,Panar,Sub Centre,,NA,,,,Detroj Rampura,Ahmadabad,Gujarat,382140,India,POINT (72.15491899991106 23.227061010287542),,,,,
211739,Ashoknagar,Sub Centre,,NA,,,,Detroj Rampura,Ahmadabad,Gujarat,382140,India,POINT (72.09452902011424 23.245018880307384),,,,,
211742,Bhankoda,Sub Centre,,NA,,,,Detroj Rampura,Ahmadabad,Gujarat,382140,India,POINT (72.11494700966666 23.279125110193142),,,,,
211744,Sadatpura,Sub Centre,,NA,,,,Detroj Rampura,Ahmadabad,Gujarat,382120,India,POINT (72.13016747005439 23.335763329969915),,,,,
211747,Dekavada,Sub Centre,,NA,,,,Detroj Rampura,Ahmadabad,Gujarat,382120,India,POINT (72.14778199996309 23.355412999735925),,,,,
211750,Katosanroad,Sub Centre,,NA,,,,Detroj Rampura,Ahmadabad,Gujarat,382145,India,POINT (72.24999273968996 23.40858611978152),,,,,
211751,Odhav,Sub Centre,,NA,,,,Detroj Rampura,Ahmadabad,Gujarat,382120,India,POINT (72.12043998035529 23.4089610000734),,,,,
211752,Bantai,Sub Centre,,NA,,,,Detroj Rampura,Ahmadabad,Gujarat,382120,India,POINT (72.17211798983058 23.41232000023046),,,,,
211753,Zanzarva,Sub Centre,,NA,,,,Mandal,Ahmadabad,Gujarat,382120,India,POINT (72.0593359998077 23.417396000281368),,,,,
212342,Dholka,Community Health Centre,,NA,,,,Dholka,Ahmadabad,Gujarat,382225,India,POINT (72.44232961032624 22.72984321002686),,,,,
212343,Ghuma,Community Health Centre,,NA,,,,Daskroi,Ahmadabad,Gujarat,380058,India,POINT (72.46011908983147 23.036781009984498),,,,,
212344,Ganol,Primary Health Centre,,NA,,,,Dholka,Ahmadabad,Gujarat,382265,India,POINT (72.4444417903077 22.5839627602874),,,,,
212345,Chaloda,Primary Health Centre,,NA,,,,Dholka,Ahmadabad,Gujarat,382260,India,POINT (72.4485979897001 22.80217298035608),,,,,
212348,Keliyavasna,Sub Centre,,NA,,,,Dholka,Ahmadabad,Gujarat,382225,India,POINT (72.4623007401271 22.78305176997815),,,,,
212349,Chaloda1,Sub Centre,,NA,,,,Dholka,Ahmadabad,Gujarat,382260,India,POINT (72.44564902992983 22.800706229671658),,,,,
212350,Visalpur,Sub Centre,,NA,,,,Daskroi,Ahmadabad,Gujarat,382210,India,POINT (72.48738790033686 22.91473058018709),,,,,
214762,Bareja-1,Sub Centre,,NA,,,,Daskroi,Ahmadabad,Gujarat,382425,India,POINT (72.59187520994557 22.846728099885134),,,,,
214763,Bareja-2,Sub Centre,,NA,,,,Daskroi,Ahmadabad,Gujarat,382425,India,POINT (72.59349287993955 22.852444120141076),,,,,
214774,Otariya,Sub Centre,,NA,,,,Dholera,Ahmadabad,Gujarat,382463,India,POINT (72.13235592957987 22.23743588986424),,,,,
214778,Cher,Sub Centre,,NA,,,,Dholera,Ahmadabad,Gujarat,382463,India,POINT (72.0915469996465 22.254599999635342),,,,,
215858,Fedra,Sub Centre,,NA,,,,Dhandhuka,Ahmadabad,Gujarat,382465,India,POINT (72.15627701007553 22.454888789808816),,,,,
215868,Varna,Sub Centre,,NA,,,,Dholka,Ahmadabad,Gujarat,382265,India,POINT (72.4019749198045 22.505985849835422),,,,,
215869,Loliya,Sub Centre,,NA,,,,Dholka,Ahmadabad,Gujarat,382465,India,POINT (72.16979797023511 22.506164000029322),,,,,
215919,Pachchham,Sub Centre,,NA,,,,Dhandhuka,Ahmadabad,Gujarat,382465,India,POINT (72.17669298021521 22.396040650126086),,,,,
216070,Bavaliyari,Sub Centre,,NA,,,,Dholera,Ahmadabad,Gujarat,382455,India,POINT (72.11745661960119 22.074290829692718),,,,,
226077,Kauka,Sub Centre,,NA,,,,Dholka,Ahmadabad,Gujarat,382265,India,POINT (72.43618405041462 22.609217089780675),,,,,
226078,Ranoda,Sub Centre,,NA,,,,Dholka,Ahmadabad,Gujarat,382225,India,POINT (72.43913497030887 22.76612797028763),,,,,
226079,Moraiya,Sub Centre,,NA,,,,Sanand,Ahmadabad,Gujarat,382213,India,POINT (72.4200509996146 22.923800000214012),,,,,
226080,Telav,Sub Centre,,NA,,,,Sanand,Ahmadabad,Gujarat,382210,India,POINT (72.4360119996815 22.981518000061264),,,,,
226109,Singarwa,Community Health Centre,,NA,,,,Daskroi,Ahmadabad,Gujarat,382430,India,POINT (72.69087197970681 23.021448929898014),,,,,
226114,B J Medical College Ahmedabad,District Hospital,,NA,,,,Sabarmati,Ahmadabad,Gujarat,380016,India,POINT (72.60407671024281 23.044408540343817),29.0,1302515.0,"Asarva, Ahmedabad (M.Corp.) Ward No. 15",Asarwa,15
226116,Godashar  UPHC,Primary Health Centre,,NA,,,,Sabarmati,Ahmadabad,Gujarat,382405,India,POINT (72.59462999976554 22.970079999917083),2.0,1302546.0,"Lambha, Ahmedabad (M.Corp.) Ward No. 46",Lambha,46
226117,Maninagar  UPHC,Primary Health Centre,,NA,,,,Sabarmati,Ahmadabad,Gujarat,380008,India,POINT (72.60519899978173 22.99230600039214),33.0,1302537.0,"Maninagar, Ahmedabad (M.Corp.) Ward No. 37",Mani Nagar,37
226118,Navrangpura  UPHC,Primary Health Centre,,NA,,,,Sabarmati,Ahmadabad,Gujarat,380006,India,POINT (72.5566469999344 23.02746299992556),22.0,1302518.0,"Navrangpura, Ahmedabad (M.Corp.) Ward No. 18",Navrangpura,18
226119,Kalupur UPHC,Primary Health Centre,,NA,,,,Sabarmati,Ahmadabad,Gujarat,380002,India,POINT (72.59661499986234 23.028625999751004),43.0,1302528.0,"Khadiya, Ahmedabad (M.Corp.) Ward No. 28",Khadia,28
226120,Dariyapur UPHC,Primary Health Centre,,NA,,,,Sabarmati,Ahmadabad,Gujarat,380001,India,POINT (72.59106700017603 23.036389999776677),30.0,1302521.0,"Dariyapur, Ahmedabad (M.Corp.) Ward No. 21",Dariyapur,21
226121,Naroda Road UPHC,Primary Health Centre,,NA,,,,Sabarmati,Ahmadabad,Gujarat,382345,India,POINT (72.61256400023368 23.04145700035733),10.0,1302522.0,"India colony, Ahmedabad (M.Corp.) Ward No. 22",India colony,22
226122,Dudheshwar UPHC,Primary Health Centre,,NA,,,,Sabarmati,Ahmadabad,Gujarat,380004,India,POINT (72.57978900033024 23.043077000230483),41.0,1302517.0,"Shapur, Ahmedabad (M.Corp.) Ward No. 17",Shahpur,17
226123,Potaliya UPHC,Primary Health Centre,,NA,,,,Sabarmati,Ahmadabad,Gujarat,382345,India,POINT (72.63298099984267 23.043269000332447),10.0,1302522.0,"India colony, Ahmedabad (M.Corp.) Ward No. 22",India colony,22
226124,Thakkarnagar UPHC,Primary Health Centre,,NA,,,,Sabarmati,Ahmadabad,Gujarat,382350,India,POINT (72.64197999986378 23.04857699965122),7.0,1302523.0,"Thakkarbapa Nagar, Ahmedabad (M.Corp.) Ward No. 23",Thakkarbapa Nagar,23
226125,Krishna nagar UPHC,Primary Health Centre,,NA,,,,Sabarmati,Ahmadabad,Gujarat,382345,India,POINT (72.63952000028915 23.061019999628833),8.0,1302513.0,"Saijpur Bogha, Ahmedabad (M.Corp.) Ward No. 13",Saijpur Bogha,13
226126,Saijpur UPHC,Primary Health Centre,,NA,,,,Sabarmati,Ahmadabad,Gujarat,380004,India,POINT (72.62786499997651 23.061713999774522),6.0,1302514.0,"Kubernagar, Ahmedabad (M.Corp.) Ward No. 14",Kuber Nagar,14
226127,Kubernagar UPHC,Primary Health Centre,,NA,,,,Sabarmati,Ahmadabad,Gujarat,380004,India,POINT (72.62786800034955 23.061715999965124),6.0,1302514.0,"Kubernagar, Ahmedabad (M.Corp.) Ward No. 14",Kuber Nagar,14
226128,Nava Vadaj  UPHC,Primary Health Centre,,NA,,,,Sabarmati,Ahmadabad,Gujarat,380013,India,POINT (72.56664699986315 23.063536999968328),24.0,1302506.0,"Nava Vadaj, Ahmedabad (M.Corp.) Ward No. 6",New Wadaj,6
226129,Naroda Muthiya UPHC,Primary Health Centre,,NA,,,,Sabarmati,Ahmadabad,Gujarat,382330,India,POINT (72.65856899956943 23.074568999816254),0.0,1302512.0,"Naroda, Ahmedabad (M.Corp.) Ward No. 12",Naroda,12
226130,Vehlal,Primary Health Centre,,NA,,,,Daskroi,Ahmadabad,Gujarat,382330,India,POINT (72.7604663296701 23.076986079933196),,,,,
226131,Ranip  UPHC,Primary Health Centre,,NA,,,,Sabarmati,Ahmadabad,Gujarat,382480,India,POINT (72.57713100038887 23.078670999803812),26.0,1302505.0,"Ranip, Ahmedabad (M.Corp.) Ward No. 5",Ranip,5
226132,Nobal Nagar UPHC,Primary Health Centre,,NA,,,,Sabarmati,Ahmadabad,Gujarat,382340,India,POINT (72.65648999976129 23.080069999893627),0.0,1302512.0,"Naroda, Ahmedabad (M.Corp.) Ward No. 12",Naroda,12
226133,Kali  UPHC,Primary Health Centre,,NA,,,,Sabarmati,Ahmadabad,Gujarat,380019,India,POINT (72.56831999979043 23.103988999749383),15.0,1302503.0,"Chandkheda, Ahmedabad (M.Corp.) Ward No. 3",Chandkheda,3
226134,Barejadi,Sub Centre,,NA,,,,Daskroi,Ahmadabad,Gujarat,382435,India,POINT (72.67611909961099 22.890186859752706),,,,,
226135,Devdi,Sub Centre,,NA,,,,Daskroi,Ahmadabad,Gujarat,382435,India,POINT (72.6673135401082 22.910382439895542),,,,,
226136,Oad,Sub Centre,,NA,,,,Daskroi,Ahmadabad,Gujarat,382427,India,POINT (72.54899228022694 22.914299109615655),,,,,
226137,Chavalaj,Sub Centre,,NA,,,,Daskroi,Ahmadabad,Gujarat,382435,India,POINT (72.77877812022422 22.925546000386877),,,,,
226138,Gamdi,Sub Centre,,NA,,,,Sabarmati,Ahmadabad,Gujarat,382440,India,POINT (72.62890211036189 22.927749160043977),32.0,1302547.0,"Vatava, Ahmedabad (M.Corp.) Ward No. 47",Vatva,47
226139,Ranodra,Sub Centre,,NA,,,,Daskroi,Ahmadabad,Gujarat,382433,India,POINT (72.79053868965073 22.951679639806812),,,,,
226140,Undrel,Sub Centre,,NA,,,,Daskroi,Ahmadabad,Gujarat,382433,India,POINT (72.77215401967592 22.955295780075787),,,,,
226141,Gatrad,Sub Centre,,NA,,,,Daskroi,Ahmadabad,Gujarat,382449,India,POINT (72.7048265898917 22.977776530230695),,,,,
226142,Bakrol,Sub Centre,,NA,,,,Daskroi,Ahmadabad,Gujarat,382430,India,POINT (72.73639092040527 22.982745470125405),,,,,
226143,Singarva 2,Sub Centre,,NA,,,,Daskroi,Ahmadabad,Gujarat,382430,India,POINT (72.69309924016439 23.019616180261295),,,,,
226144,Bhuvaladi,Sub Centre,,NA,,,,Daskroi,Ahmadabad,Gujarat,382430,India,POINT (72.7203640199291 23.032460999657687),,,,,
226145,Kathwada 2,Sub Centre,,NA,,,,Daskroi,Ahmadabad,Gujarat,382430,India,POINT (72.7060096199169 23.057456630104223),,,,,
226146,Padhol,Sub Centre,,NA,,,,Daskroi,Ahmadabad,Gujarat,382330,India,POINT (72.72164427012594 23.091777430348415),,,,,
