ward_id,ward_name,health_centre_count,hospital_count,clinic_count,total_health_facilities,healthcare_gap,hospital_gap,health_centre_gap,healthcare_vulnerability,heat_exposure,healthcare_facilities_per_km2,area_km2,facility_density_gap,vulnerability_score,risk_category,cluster,final_priority_score,final_priority_category
2,Chandlodiya,0,0,0,0,1.0,1.0,1.0,1.0,39.43,0.0,4.763668056029316,1.0,0.6971499999999999,High,2,0.81829,Extreme
41,Vastral,0,0,0,0,1.0,1.0,1.0,1.0,39.43,0.0,4.839989533108537,1.0,0.6971499999999999,High,2,0.81829,Extreme
25,Virat Nagar,0,0,0,0,1.0,1.0,1.0,1.0,39.43,0.0,1.300389287593235,1.0,0.6971499999999999,High,2,0.81829,Extreme
32,Vejalpur,0,0,0,0,1.0,1.0,1.0,1.0,39.43,0.0,0.9893714281263832,1.0,0.6971499999999999,High,2,0.81829,Extreme
45,Isanpur,0,0,0,0,1.0,1.0,1.0,1.0,39.43,0.0,1.4093482923719274,1.0,0.6971499999999999,High,2,0.81829,Extreme
8,Thaltej,1,0,0,1,0.6666666666666667,1.0,0.6666666666666667,0.931250301596581,39.43,0.0988122227536086,10.120205498195618,0.9687505026609684,0.6627751507982904,High,2,0.7701652111176066,Extreme
48,Ramol Hathijan,1,0,0,1,0.6666666666666667,1.0,0.6666666666666667,0.9312105854472468,39.43,0.0990215296400711,10.098813900722948,0.9686843090787448,0.6627552927236233,High,2,0.7701374098130727,Extreme
33,Sarkhej,1,0,0,1,0.6666666666666667,1.0,0.6666666666666667,0.9268643686170308,39.43,0.1219263964983278,8.201669439264654,0.961440614361718,0.6605821843085153,High,2,0.7670950580319216,Extreme
19,Bodakdev,1,0,0,1,0.6666666666666667,1.0,0.6666666666666667,0.9045540980964129,39.43,0.2395030834905089,4.175311588585991,0.924256830160688,0.6494270490482064,High,2,0.751477868667489,Extreme
20,Jodhpur,1,0,0,1,0.6666666666666667,1.0,0.6666666666666667,0.8950588562835372,39.43,0.2895436723536422,3.453710426034184,0.9084314271392288,0.6446794281417686,High,2,0.744831199398476,High
35,Baherampura,1,0,0,1,0.6666666666666667,1.0,0.6666666666666667,0.8928402726036919,39.43,0.3012357636104499,3.3196589542175783,0.90473378767282,0.643570136301846,High,2,0.7432781908225843,High
11,Sardar Nagar,1,0,0,1,0.6666666666666667,1.0,0.6666666666666667,0.8902295573522687,39.43,0.3149944156921724,3.1746594548433134,0.9003825955871146,0.6422647786761344,High,2,0.741450690146588,High
5,Ranip,1,0,0,1,0.6666666666666667,1.0,0.6666666666666667,0.8777504266640003,39.43,0.3807603077513067,2.6263241720383026,0.8795840444400005,0.6360252133320001,High,2,0.7327152986648001,High
34,Maktampura,2,0,0,2,0.3333333333333333,1.0,0.3333333333333333,0.857969882396046,39.43,0.2215016611832524,9.02927765559899,0.92994980399341,0.626134941198023,High,2,0.7188689176772322,High
31,Vasna,1,0,0,1,0.6666666666666667,1.0,0.6666666666666667,0.8519212181593798,39.43,0.5168820441864148,1.934677381904463,0.8365353635989664,0.6231106090796898,High,2,0.7146348527115658,High
40,Odhav,1,0,0,1,0.6666666666666667,1.0,0.6666666666666667,0.8512173130480223,39.43,0.52059167338494,1.9208912687709705,0.8353621884133706,0.6227586565240111,High,2,0.7141421191336156,High
9,Naranpura,1,0,0,1,0.6666666666666667,1.0,0.6666666666666667,0.8391775172736182,39.43,0.5840422397018593,1.7122049263260102,0.8152958621226971,0.6167387586368092,High,2,0.7057142620915328,High
12,Naroda,2,0,0,2,0.3333333333333333,1.0,0.3333333333333333,0.8267311677657251,39.43,0.3861318734764178,5.179577593513906,0.8778852796095418,0.6105155838828625,High,2,0.6970018174360075,High
36,Danilimda,1,0,0,1,0.6666666666666667,1.0,0.6666666666666667,0.8179434609615305,39.43,0.6959472024979584,1.4368906095328886,0.7799057682692176,0.6061217304807652,High,2,0.6908504226730713,High
46,Lambha,3,0,0,3,0.0,1.0,0.0,0.8154804536756584,39.43,0.181920424924402,16.490726652857507,0.942467422792764,0.6048902268378291,High,2,0.6891263175729608,High
24,Nikol,2,0,0,2,0.3333333333333333,1.0,0.3333333333333333,0.8035368844486132,39.43,0.5083673697723402,3.934162810047488,0.8392281407476885,0.5989184422243066,Moderate,2,0.6807658191140292,High
44,Khokhra,1,0,0,1,0.6666666666666667,1.0,0.6666666666666667,0.7998328306144163,39.43,0.7913914918706877,1.263597107464732,0.7497213843573606,0.5970664153072082,Moderate,2,0.6781729814300914,High
3,Chandkheda,2,0,0,2,0.3333333333333333,1.0,0.3333333333333333,0.7966416820430269,39.43,0.5447055689994683,3.671708375726102,0.8277361367383781,0.5954708410215135,Moderate,2,0.6759391774301188,High
42,Indrapuri,1,0,0,1,0.6666666666666667,1.0,0.6666666666666667,0.783037205725308,39.43,0.8799056104511762,1.136485536769387,0.7217286762088468,0.588668602862654,Moderate,2,0.6664160440077156,High
13,Saijpur Bogha,1,0,0,1,0.6666666666666667,1.0,0.6666666666666667,0.7740931227994259,39.43,0.9270415534078832,1.0787002980868714,0.7068218713323765,0.5841965613997129,Moderate,2,0.6601551859595981,High
39,Amraiwadi,1,0,0,1,0.6666666666666667,1.0,0.6666666666666667,0.7731146193554076,39.43,0.932198335036855,1.0727330895312792,0.7051910322590127,0.5837073096777038,Moderate,2,0.6594702335487853,High
6,New Wadaj,1,0,0,1,0.6666666666666667,1.0,0.6666666666666667,0.7722457175442904,39.43,0.9367775083901432,1.0674893355611248,0.7037428625738174,0.5832728587721452,Moderate,2,0.6588620022810032,High
23,Thakkarbapa Nagar,1,0,0,1,0.6666666666666667,1.0,0.6666666666666667,0.772178630296316,39.43,0.9371310628819622,1.0670866003787098,0.7036310504938599,0.583239315148158,Moderate,2,0.6588150412074212,High
47,Vatva,3,0,0,3,0.0,1.0,0.0,0.7143648319553484,39.43,0.714806827805154,4.19693808635213,0.7739413865922473,0.5543324159776741,Moderate,0,0.6183453823687438,High
18,Navrangpura,3,0,0,3,0.0,1.0,0.0,0.7137109186483441,39.43,0.7182529966961407,4.176801229928122,0.7728515310805737,0.5540054593241721,Moderate,0,0.6178876430538408,High
10,S. P. Stadium,2,0,0,2,0.3333333333333333,1.0,0.3333333333333333,0.6927602479311818,39.43,1.0921679967445574,1.831220110790128,0.6546004132186363,0.543530123965591,Moderate,0,0.6032221735518273,High
43,Bhaipura Hatkeshwar,1,0,0,1,0.6666666666666667,1.0,0.6666666666666667,0.6673442794313293,39.43,1.4896154286044585,0.6713142068734123,0.528907132385549,0.5308221397156647,Moderate,0,0.5854309956019305,Moderate
1,Gota,1,1,0,2,0.3333333333333333,0.0,0.6666666666666667,0.6665308698280853,39.43,0.176384658289421,11.338854633934758,0.9442181163801424,0.5304154349140426,Moderate,1,0.5848616088796597,Moderate
22,India colony,2,0,0,2,0.3333333333333333,1.0,0.3333333333333333,0.6640286088440225,39.43,1.2435857454715973,1.608252593182911,0.6067143480733708,0.5291643044220112,Moderate,0,0.5831100261908156,Moderate
16,Shahibag,2,0,0,2,0.3333333333333333,1.0,0.3333333333333333,0.6491650230906675,39.43,1.3219178825960036,1.5129532827503382,0.5819417051511124,0.5217325115453337,Moderate,0,0.5727055161634672,Moderate
21,Dariyapur,2,0,0,2,0.3333333333333333,1.0,0.3333333333333333,0.6060658980864979,39.43,1.5490532875911616,1.2911111683640517,0.5101098301441631,0.500182949043249,Moderate,0,0.5425361286605485,Moderate
17,Shahpur,2,0,0,2,0.3333333333333333,1.0,0.3333333333333333,0.5640296689705413,39.43,1.7705871568703722,1.1295687943061383,0.4400494482842354,0.4791648344852706,Moderate,0,0.5131107682793788,Moderate
38,Gomtipur,2,0,0,2,0.3333333333333333,1.0,0.3333333333333333,0.5603505943915599,39.43,1.789976137375742,1.1173333310086306,0.4339176573192663,0.4773252971957799,Moderate,0,0.5105354160740919,Moderate
7,Ghatlodia,2,0,0,2,0.3333333333333333,1.0,0.3333333333333333,0.5424914813186323,39.43,1.884094913111474,1.0615176475887382,0.4041524688643871,0.4683957406593161,Moderate,0,0.4980340369230426,Moderate
15,Asarwa,0,1,0,1,0.6666666666666667,0.0,1.0,0.5201905541750292,39.43,1.211111862343324,0.8256875612341428,0.6169842569583821,0.4572452770875146,Moderate,1,0.48242338792252043,Moderate
30,Paldi,1,1,0,2,0.3333333333333333,0.0,0.6666666666666667,0.5053935131751728,39.43,1.0255898047899052,1.9500973885068067,0.6756558552919546,0.4498467565875864,Moderate,1,0.47206545922262094,Moderate
26,Bapu Nagar,2,0,0,2,0.3333333333333333,1.0,0.3333333333333333,0.4890029982122473,39.43,2.165982962387881,0.923368297318048,0.3150049970204123,0.4416514991061236,Moderate,0,0.4605920987485731,Moderate
4,Sabarmati,2,1,0,3,0.0,0.0,0.3333333333333333,0.4858389734771631,39.43,0.8651400983216747,3.46764646075224,0.7263982891286052,0.4400694867385815,Moderate,1,0.4583772814340141,Moderate
29,Jamalpur,2,0,0,2,0.3333333333333333,1.0,0.3333333333333333,0.475844602146403,39.43,2.235328630524139,0.8947230276073728,0.2930743369106718,0.4350723010732015,Moderate,0,0.4513812215024821,Moderate
14,Kuber Nagar,2,0,0,2,0.3333333333333333,1.0,0.3333333333333333,0.4049578819380842,39.43,2.6089066069154763,0.7666046744251265,0.1749298032301404,0.3996289409690421,Low,0,0.4017605173566589,Moderate
27,Saraspur-Rakhiyal,1,1,0,2,0.3333333333333333,0.0,0.6666666666666667,0.3431294807686471,39.43,1.8807326113605272,1.0634153881944943,0.4052158012810785,0.3687147403843235,Low,1,0.35848063653805295,Low
28,Khadia,2,0,0,2,0.3333333333333333,1.0,0.3333333333333333,0.3,39.43,3.162041990038321,0.6325026695726332,0.0,0.3471499999999999,Low,0,0.32828999999999997,Low
37,Mani Nagar,2,1,0,3,0.0,0.0,0.3333333333333333,0.2860489097838665,39.43,1.9180477159727325,1.564090389940356,0.3934148496397776,0.3401744548919332,Low,1,0.3185242368487065,Low
